Domain,Field Label,"Choices, Calculations, OR Slider Labels",Form Display Name,Section Header,Form Name,Field Type,Variable / Field Name,,,
Attention,"Fidgety, unable to sit still","0=Never, 1=Sometimes, 2=Often",PSC-17,Please mark what best fits the student,PSC17,1,1,,,
Anxiety/mood,"Feels sad, unhappy","0=Never, 1=Sometimes, 2=Often",PSC-17,,PSC17,1,2,,,
Attention,Daydreams too much,"0=Never, 1=Sometimes, 2=Often",PSC-17,,PSC17,1,3,,,
Conduct/ODD,Refuses to share,"0=Never, 1=Sometimes, 2=Often",PSC-17,,PSC17,1,4,,,
Conduct/ODD,Does not understand other people’s feelings,"0=Never, 1=Sometimes, 2=Often",PSC-17,,PSC17,1,5,,,
Anxiety/mood,Feels hopeless,"0=Never, 1=Sometimes, 2=Often",PSC-17,,PSC17,1,6,,,
Attention,Has trouble concentrating,"0=Never, 1=Sometimes, 2=Often",PSC-17,,PSC17,1,7,,,
Conduct/ODD,Fights with other children,"0=Never, 1=Sometimes, 2=Often",PSC-17,,PSC17,1,8,,,
Anxiety/mood,Is down on him or herself,"0=Never, 1=Sometimes, 2=Often",PSC-17,,PSC17,1,9,,,
Conduct/ODD,Blames others for his or her troubles,"0=Never, 1=Sometimes, 2=Often",PSC-17,,PSC17,1,10,,,
Anxiety/mood,Seems to be having less fun,"0=Never, 1=Sometimes, 2=Often",PSC-17,,PSC17,1,11,,,
Conduct/ODD,Does not listen to rules,"0=Never, 1=Sometimes, 2=Often",PSC-17,,PSC17,1,12,,,
Attention,Acts as if driven by a motor,"0=Never, 1=Sometimes, 2=Often",PSC-17,,PSC17,1,13,,,
Conduct/ODD,Teases others,"0=Never, 1=Sometimes, 2=Often",PSC-17,,PSC17,1,14,,,
Anxiety/mood,Worries a lot,"0=Never, 1=Sometimes, 2=Often",PSC-17,,PSC17,1,15,,,
Conduct/ODD,Takes things that do not belong to him or her,"0=Never, 1=Sometimes, 2=Often",PSC-17,,PSC17,1,16,,,
Attention,Distracted easily,"0=Never, 1=Sometimes, 2=Often",PSC-17,,PSC17,1,17,,,
Understanding & communicating,Concentrating on doing something for ten minutes?,"0=None, 1=Mild, 2=Moderate, 3=Severe, 4=Extreme or cant do",WHODAS,"In the past 30 days, how much difficulty did the student have in:",WHODAS,1,18,,,
Understanding & communicating,Remembering to do important things?,"0=None, 1=Mild, 2=Moderate, 3=Severe, 4=Extreme or cant do",WHODAS,,WHODAS,1,19,,,
Understanding & communicating,Analysing and finding solutions to problems in day-to-day life?,"0=None, 1=Mild, 2=Moderate, 3=Severe, 4=Extreme or cant do",WHODAS,,WHODAS,1,20,,,
Understanding & communicating,"Learning a new task, for example, learning how to get to a new place?","0=None, 1=Mild, 2=Moderate, 3=Severe, 4=Extreme or cant do",WHODAS,,WHODAS,1,21,,,
Understanding & communicating,Generally understanding what people say?,"0=None, 1=Mild, 2=Moderate, 3=Severe, 4=Extreme or cant do",WHODAS,,WHODAS,1,22,,,
Understanding & communicating,Starting and maintaining a conversation?,"0=None, 1=Mild, 2=Moderate, 3=Severe, 4=Extreme or cant do",WHODAS,,WHODAS,1,23,,,
Getting around,Standing for long periods such as 30 minutes?,"0=None, 1=Mild, 2=Moderate, 3=Severe, 4=Extreme or cant do",WHODAS,,WHODAS,1,24,,,
Getting around,Standing up from sitting down?,"0=None, 1=Mild, 2=Moderate, 3=Severe, 4=Extreme or cant do",WHODAS,,WHODAS,1,25,,,
Getting around,Moving around inside their home?,"0=None, 1=Mild, 2=Moderate, 3=Severe, 4=Extreme or cant do",WHODAS,,WHODAS,1,26,,,
Getting around,Getting out of their home?,"0=None, 1=Mild, 2=Moderate, 3=Severe, 4=Extreme or cant do",WHODAS,,WHODAS,1,27,,,
Getting around,Walking a long distance such as a kilometre [or equivalent]?,"0=None, 1=Mild, 2=Moderate, 3=Severe, 4=Extreme or cant do",WHODAS,,WHODAS,1,28,,,
Self-care,Washing his or her whole body?,"0=None, 1=Mild, 2=Moderate, 3=Severe, 4=Extreme or cant do",WHODAS,"In the past 30 days, how much difficulty did the student have in:",WHODAS,1,29,,,
Self-care,Getting dressed?,"0=None, 1=Mild, 2=Moderate, 3=Severe, 4=Extreme or cant do",WHODAS,,WHODAS,1,30,,,
Self-care,Eating?,"0=None, 1=Mild, 2=Moderate, 3=Severe, 4=Extreme or cant do",WHODAS,,WHODAS,1,31,,,
Self-care,Staying by himself or herself for a few days?,"0=None, 1=Mild, 2=Moderate, 3=Severe, 4=Extreme or cant do",WHODAS,,WHODAS,1,32,,,
Getting along with people,Dealing with people he or she does not know?,"0=None, 1=Mild, 2=Moderate, 3=Severe, 4=Extreme or cant do",WHODAS,,WHODAS,1,33,,,
Getting along with people,Maintaining a friendship?,"0=None, 1=Mild, 2=Moderate, 3=Severe, 4=Extreme or cant do",WHODAS,,WHODAS,1,34,,,
Getting along with people,Getting along with people who are close to him or her?,"0=None, 1=Mild, 2=Moderate, 3=Severe, 4=Extreme or cant do",WHODAS,,WHODAS,1,35,,,
Getting along with people,Making new friends?,"0=None, 1=Mild, 2=Moderate, 3=Severe, 4=Extreme or cant do",WHODAS,,WHODAS,1,36,,,
Life activities,Taking care of his or her household responsibilities?,"0=None, 1=Mild, 2=Moderate, 3=Severe, 4=Extreme or cant do",WHODAS,,WHODAS,1,37,,,
Life activities,Doing his or her most important household tasks well?,"0=None, 1=Mild, 2=Moderate, 3=Severe, 4=Extreme or cant do",WHODAS,,WHODAS,1,38,,,
Life activities,Getting all the household work done that is needed?,"0=None, 1=Mild, 2=Moderate, 3=Severe, 4=Extreme or cant do",WHODAS,,WHODAS,1,39,,,
Life activities,Getting the household work done as quickly as needed?,"0=None, 1=Mild, 2=Moderate, 3=Severe, 4=Extreme or cant do",WHODAS,,WHODAS,1,40,,,
Life activities,His or her day-to-day work/school?,"0=None, 1=Mild, 2=Moderate, 3=Severe, 4=Extreme or cant do",WHODAS,,WHODAS,1,41,,,
Life activities,Doing his or her most important work/ school tasks well?,"0=None, 1=Mild, 2=Moderate, 3=Severe, 4=Extreme or cant do",WHODAS,,WHODAS,1,42,,,
Life activities,Getting all the work done that is needed?,"0=None, 1=Mild, 2=Moderate, 3=Severe, 4=Extreme or cant do",WHODAS,,WHODAS,1,43,,,
Life activities,Getting the work done as quickly as needed?,"0=None, 1=Mild, 2=Moderate, 3=Severe, 4=Extreme or cant do",WHODAS,,WHODAS,1,44,,,
Reading/Dyslexia,Difficulty with spelling,"0=Never, 1=Rarely, 2=Sometimes, 3=Frequently, 4=Always",Colorado Learning Disabilities Questionnaire – Reading Subscale (CLDQ-R),,Colorado,1,45,,,
Reading/Dyslexia,Difficulty learning letter names,"0=Never, 1=Rarely, 2=Sometimes, 3=Frequently, 4=Always",Colorado Learning Disabilities Questionnaire – Reading Subscale (CLDQ-R),,Colorado,1,46,,,
Reading/Dyslexia,Difficulty learning phonics (sounding out words),"0=Never, 1=Rarely, 2=Sometimes, 3=Frequently, 4=Always",Colorado Learning Disabilities Questionnaire – Reading Subscale (CLDQ-R),,Colorado,1,47,,,
Reading/Dyslexia,Read slowly,"0=Never, 1=Rarely, 2=Sometimes, 3=Frequently, 4=Always",Colorado Learning Disabilities Questionnaire – Reading Subscale (CLDQ-R),,Colorado,1,48,,,
Reading/Dyslexia,Read below grade level,"0=Never, 1=Rarely, 2=Sometimes, 3=Frequently, 4=Always",Colorado Learning Disabilities Questionnaire – Reading Subscale (CLDQ-R),,Colorado,1,49,,,
Reading/Dyslexia,Required extra help in school because of problems in reading and spelling,"0=Never, 1=Rarely, 2=Sometimes, 3=Frequently, 4=Always",Colorado Learning Disabilities Questionnaire – Reading Subscale (CLDQ-R),,Colorado,1,50,,,
Social Cognition,Poor understanding of interpersonal space,"0=Never, 1=Rarely, 2=Sometimes, 3=Frequently, 4=Always",Colorado Learning Disabilities Questionnaire – Reading Subscale (CLDQ-R),,Colorado,1,51,,,
Social Cognition,Difficulty knowing how others are reacting,"0=Never, 1=Rarely, 2=Sometimes, 3=Frequently, 4=Always",Colorado Learning Disabilities Questionnaire – Reading Subscale (CLDQ-R),,Colorado,1,52,,,
Social Cognition,Has trouble understanding how others are feeling,"0=Never, 1=Rarely, 2=Sometimes, 3=Frequently, 4=Always",Colorado Learning Disabilities Questionnaire – Reading Subscale (CLDQ-R),,Colorado,1,53,,,
Social Cognition,"Makes comments that show a lack of understanding of social situations, such as inappropriate jokes or insensitive remarks","0=Never, 1=Rarely, 2=Sometimes, 3=Frequently, 4=Always",Colorado Learning Disabilities Questionnaire – Reading Subscale (CLDQ-R),,Colorado,1,54,,,
Social Anxiety,Difficulty making or keeping friends,"0=Never, 1=Rarely, 2=Sometimes, 3=Frequently, 4=Always",Colorado Learning Disabilities Questionnaire – Reading Subscale (CLDQ-R),,Colorado,1,55,,,
Social Anxiety,Isolates self in social situations,"0=Never, 1=Rarely, 2=Sometimes, 3=Frequently, 4=Always",Colorado Learning Disabilities Questionnaire – Reading Subscale (CLDQ-R),,Colorado,1,56,,,
Social Anxiety,Feels anxious in new social situations,"0=Never, 1=Rarely, 2=Sometimes, 3=Frequently, 4=Always",Colorado Learning Disabilities Questionnaire – Reading Subscale (CLDQ-R),,Colorado,1,57,,,
Spatial,Handwriting is spatially disorganized,"0=Never, 1=Rarely, 2=Sometimes, 3=Frequently, 4=Always",Colorado Learning Disabilities Questionnaire – Reading Subscale (CLDQ-R),,Colorado,1,58,,,
Spatial,Papers look disorganized or messy,"0=Never, 1=Rarely, 2=Sometimes, 3=Frequently, 4=Always",Colorado Learning Disabilities Questionnaire – Reading Subscale (CLDQ-R),,Colorado,1,59,,,
Spatial,"On arithmetic problems, has difficulty keeping the numbers lined up in columns","0=Never, 1=Rarely, 2=Sometimes, 3=Frequently, 4=Always",Colorado Learning Disabilities Questionnaire – Reading Subscale (CLDQ-R),,Colorado,1,60,,,
Spatial,Drawings look immature for her/his age,"0=Never, 1=Rarely, 2=Sometimes, 3=Frequently, 4=Always",Colorado Learning Disabilities Questionnaire – Reading Subscale (CLDQ-R),,Colorado,1,61,,,
Math,Worse at math than at reading and spelling,"0=Never, 1=Rarely, 2=Sometimes, 3=Frequently, 4=Always",Colorado Learning Disabilities Questionnaire – Reading Subscale (CLDQ-R),,Colorado,1,62,,,
Math,"Makes careless errors in math, such as adding when the sign indicates subtraction","0=Never, 1=Rarely, 2=Sometimes, 3=Frequently, 4=Always",Colorado Learning Disabilities Questionnaire – Reading Subscale (CLDQ-R),,Colorado,1,63,,,
Math,Trouble learning new math concepts such as carrying or borrowing,"0=Never, 1=Rarely, 2=Sometimes, 3=Frequently, 4=Always",Colorado Learning Disabilities Questionnaire – Reading Subscale (CLDQ-R),,Colorado,1,64,,,
Gross Motor Skills,"Difficulty acquiring new motor skills, such as learning how to ride a bike, skate, swim","0=Does not apply, 1=Applies sometimes, 2=Applies",5-15,,515,1,65,,,
Gross Motor Skills,Difficulty throwing and catching a ball,"0=Does not apply, 1=Applies sometimes, 2=Applies",5-15,,515,1,66,,,
Gross Motor Skills,Difficulty running fast,"0=Does not apply, 1=Applies sometimes, 2=Applies",5-15,,515,1,67,,,
Gross Motor Skills,"Has difficulties or does not like to participate in game sports such as soccer/football, land hockey, basketball","0=Does not apply, 1=Applies sometimes, 2=Applies",5-15,,515,1,68,,,
Gross Motor Skills,"Balance problems; for instance, has difficulty standing on one leg","0=Does not apply, 1=Applies sometimes, 2=Applies",5-15,,515,1,69,,,
Gross Motor Skills,Often stumbles and falls,"0=Does not apply, 1=Applies sometimes, 2=Applies",5-15,,515,1,70,,,
Gross Motor Skills,Clumsy or awkward movements,"0=Does not apply, 1=Applies sometimes, 2=Applies",5-15,,515,1,71,,,
Fine Motor Skills,"Does not like to draw, has difficulties drawing figures that represent something","0=Does not apply, 1=Applies sometimes, 2=Applies",5-15,,515,1,72,,,
Fine Motor Skills,"Difficulty handling, assembling and manipulating small objects","0=Does not apply, 1=Applies sometimes, 2=Applies",5-15,,515,1,73,,,
Fine Motor Skills,Difficulty pouring water into a glass without spilling,"0=Does not apply, 1=Applies sometimes, 2=Applies",5-15,,515,1,74,,,
Fine Motor Skills,Often spills food onto clothes or table when eating,"0=Does not apply, 1=Applies sometimes, 2=Applies",5-15,,515,1,75,,,
Fine Motor Skills,Difficulty using knife and fork,"0=Does not apply, 1=Applies sometimes, 2=Applies",5-15,,515,1,76,,,
Fine Motor Skills,Difficulty buttoning or tying shoe-laces,"0=Does not apply, 1=Applies sometimes, 2=Applies",5-15,,515,1,77,,,
Fine Motor Skills,"Difficulty using a pen (e.g., presses too hard, hand is shaking)","0=Does not apply, 1=Applies sometimes, 2=Applies",5-15,,515,1,78,,,
Fine Motor Skills,"Has not developed clear hand preference, i.e., is neither clearly right-handed nor left-handed","0=Does not apply, 1=Applies sometimes, 2=Applies",5-15,,515,1,79,,,
Fine Motor Skills,Writing is slow and laborious/hard to read the result,"0=Does not apply, 1=Applies sometimes, 2=Applies",5-15,,515,1,80,,,
Fine Motor Skills,"Immature pencil-grip, holds the pen in an unusual manner","0=Does not apply, 1=Applies sometimes, 2=Applies",5-15,,515,1,81,,,
Fine Motor Skills,Do problems with motor function interfere with your student`s daily function?,"0=Not at all, 1=A little, 2=Pretty much, 3=Very much ",5-15,,515,1,82,,,
Attention and concentration,Often fails to pay close attention to details or makes careless mistakes,"0=Does not apply, 1=Applies sometimes, 2=Applies",5-15,,515,1,83,,,
Attention and concentration,Often has difficulty sustaining attention in tasks or play activities,"0=Does not apply, 1=Applies sometimes, 2=Applies",5-15,,515,1,84,,,
Attention and concentration,Often does not seem to listen when spoken to directly,"0=Does not apply, 1=Applies sometimes, 2=Applies",5-15,,515,1,85,,,
Attention and concentration,"Problems following instructions and fails to finish schoolwork, chores, or duties)","0=Does not apply, 1=Applies sometimes, 2=Applies",5-15,,515,1,86,,,
Attention and concentration,Often has difficulty organizing tasks and activities,"0=Does not apply, 1=Applies sometimes, 2=Applies",5-15,,515,1,87,,,
Attention and concentration,"Often avoids, dislikes, or is reluctant to engage in tasks that require sustained mental effort (such as homework)","0=Does not apply, 1=Applies sometimes, 2=Applies",5-15,,515,1,88,,,
Attention and concentration,"Often loses things necessary for tasks or activities (e.g., toys, school equipment, pencils, books, sports gear or tools)","0=Does not apply, 1=Applies sometimes, 2=Applies",5-15,,515,1,89,,,
Attention and concentration,"Is often easily distracted by extraneous stimuli (e.g., irrelevant sounds like other people talking, cars driving by)","0=Does not apply, 1=Applies sometimes, 2=Applies",5-15,,515,1,90,,,
Attention and concentration,Is often forgetful in daily activitiesat school,"0=Does not apply, 1=Applies sometimes, 2=Applies",5-15,,515,1,91,,,
Over activityand impulsivity,"In constant motion (fidgets with fingers, plucks at things etc.)","0=Does not apply, 1=Applies sometimes, 2=Applies",5-15,,515,1,92,,,
Over activityand impulsivity,"Difficulty remaining seated (squirms in seat,gets up and moves about)","0=Does not apply, 1=Applies sometimes, 2=Applies",5-15,,515,1,93,,,
Over activityand impulsivity,"Often runs about or climbs excessively in situations in which is inappropriate, (more than their peers)","0=Does not apply, 1=Applies sometimes, 2=Applies",5-15,,515,1,94,,,
Over activityand impulsivity,Difficulty playing calmly and quietly,"0=Does not apply, 1=Applies sometimes, 2=Applies",5-15,,515,1,95,,,
Over activityand impulsivity,Is often ”on the go” or often acts as if ”driven by a motor”,"0=Does not apply, 1=Applies sometimes, 2=Applies",5-15,,515,1,96,,,
Over activityand impulsivity,Often talks excessively,"0=Does not apply, 1=Applies sometimes, 2=Applies",5-15,,515,1,97,,,
Over activityand impulsivity,Often blurts out answers before the question has been completed,"0=Does not apply, 1=Applies sometimes, 2=Applies",5-15,,515,1,98,,,
Over activityand impulsivity,"Difficulty awaiting turns (in games, during meals etc.)","0=Does not apply, 1=Applies sometimes, 2=Applies",5-15,,515,1,99,,,
Over activityand impulsivity,"Often interrupts or intrudes on others (e.g., butts into conversations or games)","0=Does not apply, 1=Applies sometimes, 2=Applies",5-15,,515,1,100,,,
Over activityand impulsivity,"Do problems with attention, concentration, over-activity or impulsivity interfere with your student`s daily function?","0=Not at all, 1=A little, 2=Pretty much, 3=Very much ",5-15,,515,1,101,,,
Passivity/inactivity,Difficulty getting started on tasks/activities,"0=Does not apply, 1=Applies sometimes, 2=Applies",5-15,,515,1,102,,,
Passivity/inactivity,"Difficulty completing a task/activity, does not get things done like the rest of the group","0=Does not apply, 1=Applies sometimes, 2=Applies",5-15,,515,1,103,,,
Passivity/inactivity,Often ”in own world” or daydreaming,"0=Does not apply, 1=Applies sometimes, 2=Applies",5-15,,515,1,104,,,
Passivity/inactivity,"Seems slow, inert, or lacking energy","0=Does not apply, 1=Applies sometimes, 2=Applies",5-15,,515,1,105,,,
Passivity/inactivity,Does passivity or inactivity interfere with your student`s daily function?,"0=Not at all, 1=A little, 2=Pretty much, 3=Very much ",5-15,,515,1,106,,,
Planning/organizing,"Difficulty understanding consequences of own actions (e.g., climbs in dangerous places, careless in traffic)","0=Does not apply, 1=Applies sometimes, 2=Applies",5-15,,515,1,107,,,
Planning/organizing,"Difficulty planning and preparing for tasks (e.g., collecting equipment needed for an outing or for school)","0=Does not apply, 1=Applies sometimes, 2=Applies",5-15,,515,1,108,,,
Planning/organizing,"Difficulty completing sequential tasks (e.g., young children: getting dressed in the morning without constant reminders; older children: completing home work without constant reminders)","0=Does not apply, 1=Applies sometimes, 2=Applies",5-15,,515,1,109,,,
Planning/organizing,Do problems with planning/organizing interfere with your student`s daily function?,"0=Not at all, 1=A little, 2=Pretty much, 3=Very much ",5-15,,515,1,110,,,
Perception of space and directions,Difficulty finding his/her way around (even in well-knownplaces),"0=Does not apply, 1=Applies sometimes, 2=Applies",5-15,,515,1,111,,,
Perception of space and directions,Seems disturbed by height differences (even slight) suchas in connection with climbing stairs etc.,"0=Does not apply, 1=Applies sometimes, 2=Applies",5-15,,515,1,112,,,
Perception of space and directions,Difficulty judging distance or size,"0=Does not apply, 1=Applies sometimes, 2=Applies",5-15,,515,1,113,,,
Perception of space and directions,"Difficulty comprehending orientation and spatial directions (young children turning clothes back to front, older children confusing letters such as b, p, d, or digits such as 6, 9)","0=Does not apply, 1=Applies sometimes, 2=Applies",5-15,,515,1,114,,,
Perception of space and directions,"Bumps into other people, especially in narrow places","0=Does not apply, 1=Applies sometimes, 2=Applies",5-15,,515,1,115,,,
Concepts of time,"Poor concepts of time, e.g., does not have an intuitive feeling for how long “five minutes” or “one hour” take or is uncertain about how long ago something happened","0=Does not apply, 1=Applies sometimes, 2=Applies",5-15,,515,1,116,,,
Concepts of time,"Has only a vague idea about what time it is, whether it is morning or afternoon, whether it is time or not to go to/leave school","0=Does not apply, 1=Applies sometimes, 2=Applies",5-15,,515,1,117,,,
Concepts of time,"Repeatedly asks about when something is going to happen, e.g., how much time is left before an outing or before it is time to go to/leave school","0=Does not apply, 1=Applies sometimes, 2=Applies",5-15,,515,1,118,,,
Concepts of time,Can read the clock mechanically but does not understand the actual time concept,"0=Does not apply, 1=Applies sometimes, 2=Applies",5-15,,515,1,119,,,
Perception of own body,"Does not have a sense of how clothes fit, does not straighten socks or trousers that have slid down","0=Does not apply, 1=Applies sometimes, 2=Applies",5-15,,515,1,120,,,
Perception of own body,"Surprisingly poor perception of cold, pain etc.","0=Does not apply, 1=Applies sometimes, 2=Applies",5-15,,515,1,121,,,
Perception of own body,"Poor body awareness (uncertain of size of own body in relation to the environment, e.g., bumps into or tumbles over things without intention to do so)","0=Does not apply, 1=Applies sometimes, 2=Applies",5-15,,515,1,122,,,
Perception of own body,"Oversensitive to touch (is irritated by tight clothing, perceives soft touch as rough etc.)","0=Does not apply, 1=Applies sometimes, 2=Applies",5-15,,515,1,123,,,
Perception of own body,Difficulty imitating other people’s movements,"0=Does not apply, 1=Applies sometimes, 2=Applies",5-15,,515,1,124,,,
Perception of visual forms and figures,"Tends to misinterpret pictures; e.g., may perceive a picture of a fried egg as that of a flower","0=Does not apply, 1=Applies sometimes, 2=Applies",5-15,,515,1,125,,,
Perception of visual forms and figures,"Difficulty noticing small differences in shapes, figures, words and patterns that look alike","0=Does not apply, 1=Applies sometimes, 2=Applies",5-15,,515,1,126,,,
Perception of visual forms and figures,"Difficulty drawing pictures such as that of a car, a house etc.(compared with their peers) ","0=Does not apply, 1=Applies sometimes, 2=Applies",5-15,,515,1,127,,,
Perception of visual forms and figures,Difficulty with jigsaw puzzles,"0=Does not apply, 1=Applies sometimes, 2=Applies",5-15,,515,1,128,,,
Perception of visual forms and figures,"Do problems with perception of space and directions, time, own body, or forms and figures interfere with your student`s daily function?","0=Not at all, 1=A little, 2=Pretty much, 3=Very much ",5-15,,515,1,129,,,
Memory,"Difficulty remembering information about personal data, such as date of birth, home address etc.","0=Does not apply, 1=Applies sometimes, 2=Applies",5-15,,515,1,130,,,
Memory,"Difficulty remembering the names of other people (e.g., name of teacher, school peers)","0=Does not apply, 1=Applies sometimes, 2=Applies",5-15,,515,1,131,,,
Memory,"Difficulty remembering the names of weekdays, months and seasons","0=Does not apply, 1=Applies sometimes, 2=Applies",5-15,,515,1,132,,,
Memory,"Difficulty remembering non-personal facts learned at school (e.g., historic events, chemical formulas etc.)","0=Does not apply, 1=Applies sometimes, 2=Applies",5-15,,515,1,133,,,
Memory,"Difficulty remembering what has occurred recently, as who has phoned or, what he/she ate a few hours ago etc.","0=Does not apply, 1=Applies sometimes, 2=Applies",5-15,,515,1,134,,,
Memory,"Difficulty remembering events that occurred some time ago, such as what happened on a trip, what Christmas presents he/she got etc.","0=Does not apply, 1=Applies sometimes, 2=Applies",5-15,,515,1,135,,,
Memory,Difficulty remembering where he/she put things,"0=Does not apply, 1=Applies sometimes, 2=Applies",5-15,,515,1,136,,,
Memory,Difficulty remembering appointments with peers or what home-work he/she has got,"0=Does not apply, 1=Applies sometimes, 2=Applies",5-15,,515,1,137,,,
Memory,"Difficulty learning rhymes, songs, multiplication tables etc.by heart","0=Does not apply, 1=Applies sometimes, 2=Applies",5-15,,515,1,138,,,
Memory,Difficulty remembering long or multiple-step instructions,"0=Does not apply, 1=Applies sometimes, 2=Applies",5-15,,515,1,139,,,
Memory,"Difficulty acquiring new skills, such as rules of new play or games","0=Does not apply, 1=Applies sometimes, 2=Applies",5-15,,515,1,140,,,
Memory,Do problems with memory interfere with your student`s daily function?,"0=Not at all, 1=A little, 2=Pretty much, 3=Very much ",5-15,,515,1,141,,,
Comprehension of spoken language,Difficulty understanding explanations and instructions,"0=Does not apply, 1=Applies sometimes, 2=Applies",5-15,,515,1,142,,,
Comprehension of spoken language,Difficulty following stories read aloud,"0=Does not apply, 1=Applies sometimes, 2=Applies",5-15,,515,1,143,,,
Comprehension of spoken language,"Difficulty perceiving what other people say (often says “what?”, ”what do you mean?”)","0=Does not apply, 1=Applies sometimes, 2=Applies",5-15,,515,1,144,,,
Comprehension of spoken language,"Difficulty with abstract concepts such as “the day after tomorrow”, ”in the right order”","0=Does not apply, 1=Applies sometimes, 2=Applies",5-15,,515,1,145,,,
Comprehension of spoken language,Tends to misinterpret what is said,"0=Does not apply, 1=Applies sometimes, 2=Applies",5-15,,515,1,146,,,
Expressive language,Uncertain of speech sounds and tends to misarticulate words,"0=Does not apply, 1=Applies sometimes, 2=Applies",5-15,,515,1,147,,,
Expressive language,"Difficulty learning the names of colors, people, letters etc","0=Does not apply, 1=Applies sometimes, 2=Applies",5-15,,515,1,148,,,
Expressive language,"Difficulty finding words or explaining to other people, says: “the, the, the ...”","0=Does not apply, 1=Applies sometimes, 2=Applies",5-15,,515,1,149,,,
Expressive language,"Tends to remember words incorrectly, says ”arm bow” instead of ”elbow”, refers to ”pointer” instead of ”index” etc.","0=Does not apply, 1=Applies sometimes, 2=Applies",5-15,,515,1,150,,,
Expressive language,Difficulty explaining what he/she wants,"0=Does not apply, 1=Applies sometimes, 2=Applies",5-15,,515,1,151,,,
Expressive language,Difficulty speaking fluently without any breaks,"0=Does not apply, 1=Applies sometimes, 2=Applies",5-15,,515,1,152,,,
Expressive language,"Difficulty expressing him/herself in whole sentences, in grammatically correct sentences, or inflecting words","0=Does not apply, 1=Applies sometimes, 2=Applies",5-15,,515,1,153,,,
Expressive language,"Pronounces specific sounds incorrectly (has a lisp, difficulty pronouncing the sound of ”r”, nasal voice etc.)","0=Does not apply, 1=Applies sometimes, 2=Applies",5-15,,515,1,154,,,
Expressive language,"Difficulty pronouncing complex words such as ”electric”, ”screwdriver” etc.","0=Does not apply, 1=Applies sometimes, 2=Applies",5-15,,515,1,155,,,
Expressive language,Has a hoarse voice,"0=Does not apply, 1=Applies sometimes, 2=Applies",5-15,,515,1,156,,,
Expressive language,Stutters,"0=Does not apply, 1=Applies sometimes, 2=Applies",5-15,,515,1,157,,,
Expressive language,Speaks so rapidly that it is difficult to comprehend what he/she is saying,"0=Does not apply, 1=Applies sometimes, 2=Applies",5-15,,515,1,158,,,
Expressive language,Has a muddled speech,"0=Does not apply, 1=Applies sometimes, 2=Applies",5-15,,515,1,159,,,
Verbal communication,"Difficulty telling about experiences or situations so that the listener understands (e.g., what happened during the day or during the summer vacation)","0=Does not apply, 1=Applies sometimes, 2=Applies",5-15,,515,1,160,,,
Verbal communication,Difficulty keeping ”on track” when telling other people something,"0=Does not apply, 1=Applies sometimes, 2=Applies",5-15,,515,1,161,,,
Verbal communication,"Difficulty taking part in a conversation, e.g., problems shifting from listening to talking","0=Does not apply, 1=Applies sometimes, 2=Applies",5-15,,515,1,162,,,
Verbal communication,"Do problems with understanding of language, use of language, or verbal communication interfere with your student`s daily function?","0=Not at all, 1=A little, 2=Pretty much, 3=Very much ",5-15,,515,1,163,,,
"Reading, writing, arithmetic",Acquiring reading skills is more difficult than expected considering his/her ability to learn other things,"0=Does not apply, 1=Applies sometimes, 2=Applies",5-15,,515,1,164,,,
"Reading, writing, arithmetic",Has difficulties to understand what he/she is reading,"0=Does not apply, 1=Applies sometimes, 2=Applies",5-15,,515,1,165,,,
"Reading, writing, arithmetic","Difficulty reading aloud at normal speed (reads too slowly, too quickly, or fails to read fluently)","0=Does not apply, 1=Applies sometimes, 2=Applies",5-15,,515,1,166,,,
"Reading, writing, arithmetic","Does not like reading (e.g., avoids reading books)","0=Does not apply, 1=Applies sometimes, 2=Applies",5-15,,515,1,167,,,
"Reading, writing, arithmetic",Makesmanyguesses while reading,"0=Does not apply, 1=Applies sometimes, 2=Applies",5-15,,515,1,168,,,
"Reading, writing, arithmetic",Difficulty spelling,"0=Does not apply, 1=Applies sometimes, 2=Applies",5-15,,515,1,169,,,
"Reading, writing, arithmetic",Has difficulties shapingletters and to write neatly,"0=Does not apply, 1=Applies sometimes, 2=Applies",5-15,,515,1,170,,,
"Reading, writing, arithmetic",Difficulty formulating him/herself in writing,"0=Does not apply, 1=Applies sometimes, 2=Applies",5-15,,515,1,171,,,
"Reading, writing, arithmetic","Difficulty acquiring basic math skills (addition, subtraction; i.e., plus, minus)","0=Does not apply, 1=Applies sometimes, 2=Applies",5-15,,515,1,172,,,
"Reading, writing, arithmetic",Difficulty with math problems given in written form,"0=Does not apply, 1=Applies sometimes, 2=Applies",5-15,,515,1,173,,,
"Reading, writing, arithmetic",Difficulty learning and applying various mathematical rules,"0=Does not apply, 1=Applies sometimes, 2=Applies",5-15,,515,1,174,,,
"Reading, writing, arithmetic",Difficulty learning and use multiplication tables,"0=Does not apply, 1=Applies sometimes, 2=Applies",5-15,,515,1,175,,,
"Reading, writing, arithmetic",Difficulty with mental arithmetic,"0=Does not apply, 1=Applies sometimes, 2=Applies",5-15,,515,1,176,,,
Learning new things and applying knowledge in school,Difficulty understanding verbal instructions,"0=Does not apply, 1=Applies sometimes, 2=Applies",5-15,,515,1,177,,,
Learning new things and applying knowledge in school,"Difficulty understanding or using abstract terms, e.g., terms relating to size, volume, spatial directions","0=Does not apply, 1=Applies sometimes, 2=Applies",5-15,,515,1,178,,,
Learning new things and applying knowledge in school,Difficulty participating in discussions with other children,"0=Does not apply, 1=Applies sometimes, 2=Applies",5-15,,515,1,179,,,
Learning new things and applying knowledge in school,Difficulty learning facts or acquiring knowledge about the surrounding world.,"0=Does not apply, 1=Applies sometimes, 2=Applies",5-15,,515,1,180,,,
Learning new things and applying knowledge in school,Exceptional knowledge or skills in some area,"0=Does not apply, 1=Applies sometimes, 2=Applies",5-15,,515,1,181,,,
Learning new things and applying knowledge in school,"Is good at artistic or practical things (playing an instrument, drawing, painting, construction work)","0=Does not apply, 1=Applies sometimes, 2=Applies",5-15,,515,1,182,,,
Problem solving in school and approach to new learning situations,"Difficulty planning and organizing activities, (e.g., the order in which things should be done, how much time is needed to manage a specific task) ","0=Does not apply, 1=Applies sometimes, 2=Applies",5-15,,515,1,183,,,
Problem solving in school and approach to new learning situations,"Difficulty shifting plan or strategy when this is required (e.g., when the initial approach failed)","0=Does not apply, 1=Applies sometimes, 2=Applies",5-15,,515,1,184,,,
Problem solving in school and approach to new learning situations,Difficulty comprehending explanations and following instructions given by adults,"0=Does not apply, 1=Applies sometimes, 2=Applies",5-15,,515,1,185,,,
Problem solving in school and approach to new learning situations,"Difficulty solving abstract tasks (i.e., is dependent on learning material that can be seen or touched)","0=Does not apply, 1=Applies sometimes, 2=Applies",5-15,,515,1,186,,,
Problem solving in school and approach to new learning situations,"Difficulty keeping on trying and completing tasks, often leaves them half finished","0=Does not apply, 1=Applies sometimes, 2=Applies",5-15,,515,1,187,,,
Problem solving in school and approach to new learning situations,Unmotivated for school work or comparable learning situations,"0=Does not apply, 1=Applies sometimes, 2=Applies",5-15,,515,1,188,,,
Problem solving in school and approach to new learning situations,Learning is slow and laborious,"0=Does not apply, 1=Applies sometimes, 2=Applies",5-15,,515,1,189,,,
Problem solving in school and approach to new learning situations,"Does things too quickly, hastily, or in a hurry","0=Does not apply, 1=Applies sometimes, 2=Applies",5-15,,515,1,190,,,
Problem solving in school and approach to new learning situations,"Can/will not take responsibility for own actions, needs a lot of supervision","0=Does not apply, 1=Applies sometimes, 2=Applies",5-15,,515,1,191,,,
Problem solving in school and approach to new learning situations,"Very much in need of support, wants to know whether he/she is performing well","0=Does not apply, 1=Applies sometimes, 2=Applies",5-15,,515,1,192,,,
Social skills,"Does not understand other people’s social cues, e.g., facial expressions, gestures, tone of voice, or body language","0=Does not apply, 1=Applies sometimes, 2=Applies",5-15,,515,1,193,,,
Social skills,Difficulty understanding the feelings of other people,"0=Does not apply, 1=Applies sometimes, 2=Applies",5-15,,515,1,194,,,
Social skills,Difficulty responding to the needs of other people,"0=Does not apply, 1=Applies sometimes, 2=Applies",5-15,,515,1,195,,,
Social skills,"Difficulty verbally explaining emotions when feeling lonely, being bored etc.","0=Does not apply, 1=Applies sometimes, 2=Applies",5-15,,515,1,196,,,
Social skills,Speaks with a monotonous or strange voice,"0=Does not apply, 1=Applies sometimes, 2=Applies",5-15,,515,1,197,,,
Social skills,Difficulty expressing emotions and reactions with facial gestures or body language,"0=Does not apply, 1=Applies sometimes, 2=Applies",5-15,,515,1,198,,,
Social skills,Seems ”old fashioned” in styleand behavior?,"0=Does not apply, 1=Applies sometimes, 2=Applies",5-15,,515,1,199,,,
Social skills,Difficulty behaving as expected by peers,"0=Does not apply, 1=Applies sometimes, 2=Applies",5-15,,515,1,200,,,
Social skills,"Difficulty realizing how to behave in different social situations, such as when visiting relatives together with parents, when visiting friends, seeing a doctor, going to the cinema, etc.","0=Does not apply, 1=Applies sometimes, 2=Applies",5-15,,515,1,201,,,
Social skills,"Is perceived by peers as different, odd, or eccentric","0=Does not apply, 1=Applies sometimes, 2=Applies",5-15,,515,1,202,,,
Social skills,Unintentionally makes a fool of himself so that parents feel embarrassed or peers start laughing,"0=Does not apply, 1=Applies sometimes, 2=Applies",5-15,,515,1,203,,,
Social skills,Unintentionally makes a fool of himself so that parents feel embarrassed or peers start laughing,"0=Does not apply, 1=Applies sometimes, 2=Applies",5-15,,515,1,204,,,
Social skills,Has a weak sense of humour,"0=Does not apply, 1=Applies sometimes, 2=Applies",5-15,,515,1,205,,,
Social skills,Blurts out socially inappropriate comments,"0=Does not apply, 1=Applies sometimes, 2=Applies",5-15,,515,1,206,,,
Social skills,Difficulty comprehending rules or prohibitions,"0=Does not apply, 1=Applies sometimes, 2=Applies",5-15,,515,1,207,,,
Social skills,Often quarrels with peers,"0=Does not apply, 1=Applies sometimes, 2=Applies",5-15,,515,1,208,,,
Social skills,"Difficulty understanding and respecting other people’s rights, for example, that younger children need more help than older ones, and that parents should be left alone when they demand it, etc.","0=Does not apply, 1=Applies sometimes, 2=Applies",5-15,,515,1,209,,,
Social skills,"Difficulty in group or team activities or games, invents new rules for own benefit","0=Does not apply, 1=Applies sometimes, 2=Applies",5-15,,515,1,210,,,
Social skills,Difficulty making friends,"0=Does not apply, 1=Applies sometimes, 2=Applies",5-15,,515,1,211,,,
Social skills,Does not often interact with peers,"0=Does not apply, 1=Applies sometimes, 2=Applies",5-15,,515,1,212,,,
Social skills,Difficulty to participate in group activities,"0=Does not apply, 1=Applies sometimes, 2=Applies",5-15,,515,1,213,,,
Social skills,Not accepted by other children to participate in their games,"0=Does not apply, 1=Applies sometimes, 2=Applies",5-15,,515,1,214,,,
Social skills,Does not care for physical contact such as hugs,"0=Does not apply, 1=Applies sometimes, 2=Applies",5-15,,515,1,215,,,
Social skills,Has one or a few interests that take up considerable time and that impinge on relations with family and friends,"0=Does not apply, 1=Applies sometimes, 2=Applies",5-15,,515,1,216,,,
Social skills,Repeats or gets stuck in seemingly meaningless behavioror activities,"0=Does not apply, 1=Applies sometimes, 2=Applies",5-15,,515,1,217,,,
Social skills,Gets very upset by tiny changes in daily routines,"0=Does not apply, 1=Applies sometimes, 2=Applies",5-15,,515,1,218,,,
Social skills,Eye contact in face to face situations is abnormal or missing,"0=Does not apply, 1=Applies sometimes, 2=Applies",5-15,,515,1,219,,,
Social skills,Do problems with social skills interfere with your student`s daily function?,"0=Not at all, 1=A little, 2=Pretty much, 3=Very much ",5-15,,515,1,220,,,
Emotional problems,Poor self-confidence,"0=Does not apply, 1=Applies sometimes, 2=Applies",5-15,,515,1,221,,,
Emotional problems,"Seems to be unhappy, sad, depressed","0=Does not apply, 1=Applies sometimes, 2=Applies",5-15,,515,1,222,,,
Emotional problems,Often complains about feelings of loneliness,"0=Does not apply, 1=Applies sometimes, 2=Applies",5-15,,515,1,223,,,
Emotional problems,Has tried to inflict bodily damage to him-/herself or talks about that,"0=Does not apply, 1=Applies sometimes, 2=Applies",5-15,,515,1,224,,,
Emotional problems,Has a poor appetite,"0=Does not apply, 1=Applies sometimes, 2=Applies",5-15,,515,1,225,,,
Emotional problems,Often expresses a feeling of being worthless or inferior to other children,"0=Does not apply, 1=Applies sometimes, 2=Applies",5-15,,515,1,226,,,
Emotional problems,"Often complains about bellyaches, headaches, breathing difficulties or other bodily symptoms","0=Does not apply, 1=Applies sometimes, 2=Applies",5-15,,515,1,227,,,
Emotional problems,Appears tense and anxious or complains about being nervous,"0=Does not apply, 1=Applies sometimes, 2=Applies",5-15,,515,1,228,,,
Emotional problems,"Becomes very anxious or unhappy when leaving home e.g., when setting to school","0=Does not apply, 1=Applies sometimes, 2=Applies",5-15,,515,1,229,,,
Emotional problems,Moresleeping problemsthan most children of similar age,"0=Does not apply, 1=Applies sometimes, 2=Applies",5-15,,515,1,230,,,
Emotional problems,Often has nightmares,"0=Does not apply, 1=Applies sometimes, 2=Applies",5-15,,515,1,231,,,
Emotional problems,Walks in sleep or has nocturnal attacks when he/she cannot be ”reached” or comforted,"0=Does not apply, 1=Applies sometimes, 2=Applies",5-15,,515,1,232,,,
Emotional problems,Often loses temper,"0=Does not apply, 1=Applies sometimes, 2=Applies",5-15,,515,1,233,,,
Emotional problems,Often argues with adults,"0=Does not apply, 1=Applies sometimes, 2=Applies",5-15,,515,1,234,,,
Emotional problems,Often refuses to follow the instructions of adults,"0=Does not apply, 1=Applies sometimes, 2=Applies",5-15,,515,1,235,,,
Emotional problems,Often teases others by deliberately doing things that are perceived as provocative,"0=Does not apply, 1=Applies sometimes, 2=Applies",5-15,,515,1,236,,,
Emotional problems,Often blames others for own mistakes or bad actions,"0=Does not apply, 1=Applies sometimes, 2=Applies",5-15,,515,1,237,,,
Emotional problems,"Is easily offended, or disturbed by others","0=Does not apply, 1=Applies sometimes, 2=Applies",5-15,,515,1,238,,,
Emotional problems,Often gets into fights,"0=Does not apply, 1=Applies sometimes, 2=Applies",5-15,,515,1,239,,,
Emotional problems,Is cruel to animals,"0=Does not apply, 1=Applies sometimes, 2=Applies",5-15,,515,1,240,,,
Emotional problems,Lies and cheats,"0=Does not apply, 1=Applies sometimes, 2=Applies",5-15,,515,1,241,,,
Emotional problems,Steals things at home,"0=Does not apply, 1=Applies sometimes, 2=Applies",5-15,,515,1,242,,,
Emotional problems,Often destroys the belongings of other family members or other children,"0=Does not apply, 1=Applies sometimes, 2=Applies",5-15,,515,1,243,,,
Emotional problems,Are you aware if the student has recurrent episodes of a few days with extremely high activity level and flight of ideas,"0=Does not apply, 1=Applies sometimes, 2=Applies",5-15,,515,1,244,,,
Emotional problems,Are you aware if the student has recurrent periods of obvious irritability,"0=Does not apply, 1=Applies sometimes, 2=Applies",5-15,,515,1,245,,,
Obsessive actions or thoughts,Compulsively repeats some activities or has habits that are very difficult to change,"0=Does not apply, 1=Applies sometimes, 2=Applies",5-15,,515,1,246,,,
Obsessive actions or thoughts,Has obsessive/fixed ideas,"0=Does not apply, 1=Applies sometimes, 2=Applies",5-15,,515,1,247,,,
Obsessive actions or thoughts,"Has involuntary movements, tics, twitches or facial grimaces","0=Does not apply, 1=Applies sometimes, 2=Applies",5-15,,515,1,248,,,
Obsessive actions or thoughts,"Repeats meaningless movements, such as head shaking, body jerking and finger drumming","0=Does not apply, 1=Applies sometimes, 2=Applies",5-15,,515,1,249,,,
Obsessive actions or thoughts,"Emits unmotivated sounds such as throat clearing, sneezing, swallowing, barking, shouting etc","0=Does not apply, 1=Applies sometimes, 2=Applies",5-15,,515,1,250,,,
Obsessive actions or thoughts,"Difficulty keeping quiet, e.g., whistles, hums, mumbles","0=Does not apply, 1=Applies sometimes, 2=Applies",5-15,,515,1,251,,,
Obsessive actions or thoughts,Repeats words or parts of words in a meaningless way,"0=Does not apply, 1=Applies sometimes, 2=Applies",5-15,,515,1,252,,,
Obsessive actions or thoughts,Uses dirty words or language in an exaggerated way,"0=Does not apply, 1=Applies sometimes, 2=Applies",5-15,,515,1,253,,,
Obsessive actions or thoughts,"Do emotional problems, obsessive actions or thoughts interfere with your student`s daily function?","0=Does not apply, 1=Applies sometimes, 2=Applies",5-15,,515,1,254,,,
,Describe the strengths of your child:,,5-15,,515,4,255,,,
,Describe the problems with your student that you are most worried about:,,5-15,,515,4,256,,,
Comprehension and Conceptual Learning,Doesn’t seem to understand things that are said to him/her,"0=Never, 1=Sometimes, 2=Often, 3=Very Often",LEAF,,LEAF,1,257,,,
Comprehension and Conceptual Learning,Has difficulty following long conversations or explanations.,"0=Never, 1=Sometimes, 2=Often, 3=Very Often",LEAF,,LEAF,1,258,,,
Comprehension and Conceptual Learning,Poor comprehension of reading material.,"0=Never, 1=Sometimes, 2=Often, 3=Very Often",LEAF,,LEAF,1,259,,,
Comprehension and Conceptual Learning,Doesn’t “get the point” of what is being said.,"0=Never, 1=Sometimes, 2=Often, 3=Very Often",LEAF,,LEAF,1,260,,,
Comprehension and Conceptual Learning,Doesn’t really understand new learning materials.,"0=Never, 1=Sometimes, 2=Often, 3=Very Often",LEAF,,LEAF,1,261,,,
Factual Memory,Difficulty memorizing information.,"0=Never, 1=Sometimes, 2=Often, 3=Very Often",LEAF,,LEAF,1,262,,,
Factual Memory,Doesn’t retain facts well.,"0=Never, 1=Sometimes, 2=Often, 3=Very Often",LEAF,,LEAF,1,263,,,
Factual Memory,Has poor memory.,"0=Never, 1=Sometimes, 2=Often, 3=Very Often",LEAF,,LEAF,1,264,,,
Factual Memory,Forgets things that he/she has just learned.,"0=Never, 1=Sometimes, 2=Often, 3=Very Often",LEAF,,LEAF,1,265,,,
Factual Memory,Remembers the main idea but forgets details.,"0=Never, 1=Sometimes, 2=Often, 3=Very Often",LEAF,,LEAF,1,266,,,
Attention,Poor attention span.,"0=Never, 1=Sometimes, 2=Often, 3=Very Often",LEAF,,LEAF,1,267,,,
Attention,Mind seems to drift or wander when he/she is suppose to concentrate.,"0=Never, 1=Sometimes, 2=Often, 3=Very Often",LEAF,,LEAF,1,268,,,
Attention,Does not stay focused on learning material.,"0=Never, 1=Sometimes, 2=Often, 3=Very Often",LEAF,,LEAF,1,269,,,
Attention,Easily distracted.,"0=Never, 1=Sometimes, 2=Often, 3=Very Often",LEAF,,LEAF,1,270,,,
Attention,Doesn’t listen when others are teaching or talking to him/her.,"0=Never, 1=Sometimes, 2=Often, 3=Very Often",LEAF,,LEAF,1,271,,,
Processing speed,"Has trouble completing work quickly, even when motivated to do well.","0=Never, 1=Sometimes, 2=Often, 3=Very Often",LEAF,,LEAF,1,272,,,
Processing speed,Works deliberately and slowly on schoolwork and homework.,"0=Never, 1=Sometimes, 2=Often, 3=Very Often",LEAF,,LEAF,1,273,,,
Processing speed,Writes and/or reads slowly.,"0=Never, 1=Sometimes, 2=Often, 3=Very Often",LEAF,,LEAF,1,274,,,
Processing speed,Needs extra time to complete tests or other work.,"0=Never, 1=Sometimes, 2=Often, 3=Very Often",LEAF,,LEAF,1,275,,,
Processing speed,Is slow to get started on things.,"0=Never, 1=Sometimes, 2=Often, 3=Very Often",LEAF,,LEAF,1,276,,,
Visual-Spatial organization,Poor organization.,"0=Never, 1=Sometimes, 2=Often, 3=Very Often",LEAF,,LEAF,1,277,,,
Visual-Spatial organization,"Room, desk, locker, work area, etc. is very messy","0=Never, 1=Sometimes, 2=Often, 3=Very Often",LEAF,,LEAF,1,278,,,
Visual-Spatial organization,Not very good with puzzles or putting things together.,"0=Never, 1=Sometimes, 2=Often, 3=Very Often",LEAF,,LEAF,1,279,,,
Visual-Spatial organization,Drawing and/or handwriting is poor.,"0=Never, 1=Sometimes, 2=Often, 3=Very Often",LEAF,,LEAF,1,280,,,
Visual-Spatial organization,Doesn’t pay attention to visual details in the environment.,"0=Never, 1=Sometimes, 2=Often, 3=Very Often",LEAF,,LEAF,1,281,,,
Sustained Sequential Processing,Doesn’t plan ahead.,"0=Never, 1=Sometimes, 2=Often, 3=Very Often",LEAF,,LEAF,1,282,,,
Sustained Sequential Processing,Doesn’t learn from punishment or other past experiences.,"0=Never, 1=Sometimes, 2=Often, 3=Very Often",LEAF,,LEAF,1,283,,,
Sustained Sequential Processing,Has trouble with long assignments or multistep directions.,"0=Never, 1=Sometimes, 2=Often, 3=Very Often",LEAF,,LEAF,1,284,,,
Sustained Sequential Processing,Loses track of step-by-step directions.,"0=Never, 1=Sometimes, 2=Often, 3=Very Often",LEAF,,LEAF,1,285,,,
Sustained Sequential Processing,Doesn’t complete tasks in proper order; Haphazard in approaching problems.,"0=Never, 1=Sometimes, 2=Often, 3=Very Often",LEAF,,LEAF,1,286,,,
Working Memory,Can’t do more than one thing at a time,"0=Never, 1=Sometimes, 2=Often, 3=Very Often",LEAF,,LEAF,1,287,,,
Working Memory,Gets overwhelmed if required to learn or attend to a lot of information.,"0=Never, 1=Sometimes, 2=Often, 3=Very Often",LEAF,,LEAF,1,288,,,
Working Memory,"If distracted, loses track of what he/she was doing/learning.","0=Never, 1=Sometimes, 2=Often, 3=Very Often",LEAF,,LEAF,1,289,,,
Working Memory,Forgets things that he/she knew how to do a few hours or days before.,"0=Never, 1=Sometimes, 2=Often, 3=Very Often",LEAF,,LEAF,1,290,,,
Working Memory,Gets upset or “shuts down” when challenged with learning.,"0=Never, 1=Sometimes, 2=Often, 3=Very Often",LEAF,,LEAF,1,291,,,
Novel Problem-Solving,Struggles when learning new materials.,"0=Never, 1=Sometimes, 2=Often, 3=Very Often",LEAF,,LEAF,1,292,,,
Novel Problem-Solving,Does not solve problems independently (needs help on new problems).,"0=Never, 1=Sometimes, 2=Often, 3=Very Often",LEAF,,LEAF,1,293,,,
Novel Problem-Solving,"Resists learning anything that is unfamiliar, new, or different","0=Never, 1=Sometimes, 2=Often, 3=Very Often",LEAF,,LEAF,1,294,,,
Novel Problem-Solving,"Has difficulty with new situations, new people, or unfamiliar settings","0=Never, 1=Sometimes, 2=Often, 3=Very Often",LEAF,,LEAF,1,295,,,
Novel Problem-Solving,Avoids new experiences.,"0=Never, 1=Sometimes, 2=Often, 3=Very Often",LEAF,,LEAF,1,296,,,
Academic: Mathematics Skills,Math is difficult for him/her.,"0=Never, 1=Sometimes, 2=Often, 3=Very Often",LEAF,,LEAF,1,297,,,
Academic: Mathematics Skills,Slow at math.,"0=Never, 1=Sometimes, 2=Often, 3=Very Often",LEAF,,LEAF,1,298,,,
Academic: Mathematics Skills,Makes mistakes during arithmetic calculations or counting.,"0=Never, 1=Sometimes, 2=Often, 3=Very Often",LEAF,,LEAF,1,299,,,
Academic: Mathematics Skills,Prefers reading and language subjects to math.,"0=Never, 1=Sometimes, 2=Often, 3=Very Often",LEAF,,LEAF,1,300,,,
Academic: Mathematics Skills,Takes a long time to learn new mathematics operations or concepts.,"0=Never, 1=Sometimes, 2=Often, 3=Very Often",LEAF,,LEAF,1,301,,,
Basic Reading Skills,Reading is slow.,"0=Never, 1=Sometimes, 2=Often, 3=Very Often",LEAF,,LEAF,1,302,,,
Basic Reading Skills,Has trouble sounding out new words when reading,"0=Never, 1=Sometimes, 2=Often, 3=Very Often",LEAF,,LEAF,1,303,,,
Basic Reading Skills,Reading is hesitant or choppy; doesn’t read smoothly.,"0=Never, 1=Sometimes, 2=Often, 3=Very Often",LEAF,,LEAF,1,304,,,
Basic Reading Skills,Makes mistakes when sounding out or pronouncing words in reading.,"0=Never, 1=Sometimes, 2=Often, 3=Very Often",LEAF,,LEAF,1,305,,,
Basic Reading Skills,Skips or mistakes words during reading.,"0=Never, 1=Sometimes, 2=Often, 3=Very Often",LEAF,,LEAF,1,306,,,
Written Expression Skills,Writing is slow.,"0=Never, 1=Sometimes, 2=Often, 3=Very Often",LEAF,,LEAF,1,307,,,
Written Expression Skills,"Written expression is very simple (basic, immature).","0=Never, 1=Sometimes, 2=Often, 3=Very Often",LEAF,,LEAF,1,308,,,
Written Expression Skills,"Makes errors in grammar, punctuation, or spelling when writing sentences.","0=Never, 1=Sometimes, 2=Often, 3=Very Often",LEAF,,LEAF,1,309,,,
Written Expression Skills,Has difficulty explaining things or expressing self in writing.,"0=Never, 1=Sometimes, 2=Often, 3=Very Often",LEAF,,LEAF,1,310,,,
Written Expression Skills,Struggles with subjects that require writing.,"0=Never, 1=Sometimes, 2=Often, 3=Very Often",LEAF,,LEAF,1,311,,,
Meta,"Fidgety, unable to sit still","0=Perfectly, 1=Somewhat, 2=Not at all",PSC-17 Meta,How well did you understand these questions?,PSC17Meta,1,312,,PSC17,PSC-17
Meta,"Feels sad, unhappy","0=Perfectly, 1=Somewhat, 2=Not at all",PSC-17 Meta,,PSC17Meta,1,313,,PSC17,PSC-17
Meta,Daydreams too much,"0=Perfectly, 1=Somewhat, 2=Not at all",PSC-17 Meta,,PSC17Meta,1,314,,PSC17,PSC-17
Meta,Refuses to share,"0=Perfectly, 1=Somewhat, 2=Not at all",PSC-17 Meta,,PSC17Meta,1,315,,PSC17,PSC-17
Meta,Does not understand other people’s feelings,"0=Perfectly, 1=Somewhat, 2=Not at all",PSC-17 Meta,,PSC17Meta,1,316,,PSC17,PSC-17
Meta,Feels hopeless,"0=Perfectly, 1=Somewhat, 2=Not at all",PSC-17 Meta,,PSC17Meta,1,317,,PSC17,PSC-17
Meta,Has trouble concentrating,"0=Perfectly, 1=Somewhat, 2=Not at all",PSC-17 Meta,,PSC17Meta,1,318,,PSC17,PSC-17
Meta,Fights with other children,"0=Perfectly, 1=Somewhat, 2=Not at all",PSC-17 Meta,,PSC17Meta,1,319,,PSC17,PSC-17
Meta,Is down on him or herself,"0=Perfectly, 1=Somewhat, 2=Not at all",PSC-17 Meta,,PSC17Meta,1,320,,PSC17,PSC-17
Meta,Blames others for his or her troubles,"0=Perfectly, 1=Somewhat, 2=Not at all",PSC-17 Meta,,PSC17Meta,1,321,,PSC17,PSC-17
Meta,Seems to be having less fun,"0=Perfectly, 1=Somewhat, 2=Not at all",PSC-17 Meta,,PSC17Meta,1,322,,PSC17,PSC-17
Meta,Does not listen to rules,"0=Perfectly, 1=Somewhat, 2=Not at all",PSC-17 Meta,,PSC17Meta,1,323,,PSC17,PSC-17
Meta,Acts as if driven by a motor,"0=Perfectly, 1=Somewhat, 2=Not at all",PSC-17 Meta,,PSC17Meta,1,324,,PSC17,PSC-17
Meta,Teases others,"0=Perfectly, 1=Somewhat, 2=Not at all",PSC-17 Meta,,PSC17Meta,1,325,,PSC17,PSC-17
Meta,Worries a lot,"0=Perfectly, 1=Somewhat, 2=Not at all",PSC-17 Meta,,PSC17Meta,1,326,,PSC17,PSC-17
Meta,Takes things that do not belong to him or her,"0=Perfectly, 1=Somewhat, 2=Not at all",PSC-17 Meta,,PSC17Meta,1,327,,PSC17,PSC-17
Meta,Distracted easily,"0=Perfectly, 1=Somewhat, 2=Not at all",PSC-17 Meta,,PSC17Meta,1,328,,PSC17,PSC-17
Meta,Concentrating on doing something for ten minutes?,"0=Perfectly, 1=Somewhat, 2=Not at all",WHODAS Meta,How well did you understand these questions?,WHODASMeta,1,329,,WHODAS,WHODAS
Meta,Remembering to do important things?,"0=Perfectly, 1=Somewhat, 2=Not at all",WHODAS Meta,,WHODASMeta,1,330,,WHODAS,WHODAS
Meta,Analysing and finding solutions to problems in day-to-day life?,"0=Perfectly, 1=Somewhat, 2=Not at all",WHODAS Meta,,WHODASMeta,1,331,,WHODAS,WHODAS
Meta,"Learning a new task, for example, learning how to get to a new place?","0=Perfectly, 1=Somewhat, 2=Not at all",WHODAS Meta,,WHODASMeta,1,332,,WHODAS,WHODAS
Meta,Generally understanding what people say?,"0=Perfectly, 1=Somewhat, 2=Not at all",WHODAS Meta,,WHODASMeta,1,333,,WHODAS,WHODAS
Meta,Starting and maintaining a conversation?,"0=Perfectly, 1=Somewhat, 2=Not at all",WHODAS Meta,,WHODASMeta,1,334,,WHODAS,WHODAS
Meta,Standing for long periods such as 30 minutes?,"0=Perfectly, 1=Somewhat, 2=Not at all",WHODAS Meta,,WHODASMeta,1,335,,WHODAS,WHODAS
Meta,Standing up from sitting down?,"0=Perfectly, 1=Somewhat, 2=Not at all",WHODAS Meta,,WHODASMeta,1,336,,WHODAS,WHODAS
Meta,Moving around inside their home?,"0=Perfectly, 1=Somewhat, 2=Not at all",WHODAS Meta,,WHODASMeta,1,337,,WHODAS,WHODAS
Meta,Getting out of their home?,"0=Perfectly, 1=Somewhat, 2=Not at all",WHODAS Meta,,WHODASMeta,1,338,,WHODAS,WHODAS
Meta,Walking a long distance such as a kilometre [or equivalent]?,"0=Perfectly, 1=Somewhat, 2=Not at all",WHODAS Meta,,WHODASMeta,1,339,,WHODAS,WHODAS
Meta,Washing his or her whole body?,"0=Perfectly, 1=Somewhat, 2=Not at all",WHODAS Meta,,WHODASMeta,1,340,,WHODAS,WHODAS
Meta,Getting dressed?,"0=Perfectly, 1=Somewhat, 2=Not at all",WHODAS Meta,,WHODASMeta,1,341,,WHODAS,WHODAS
Meta,Eating?,"0=Perfectly, 1=Somewhat, 2=Not at all",WHODAS Meta,,WHODASMeta,1,342,,WHODAS,WHODAS
Meta,Staying by himself or herself for a few days?,"0=Perfectly, 1=Somewhat, 2=Not at all",WHODAS Meta,,WHODASMeta,1,343,,WHODAS,WHODAS
Meta,Dealing with people he or she does not know?,"0=Perfectly, 1=Somewhat, 2=Not at all",WHODAS Meta,,WHODASMeta,1,344,,WHODAS,WHODAS
Meta,Maintaining a friendship?,"0=Perfectly, 1=Somewhat, 2=Not at all",WHODAS Meta,,WHODASMeta,1,345,,WHODAS,WHODAS
Meta,Getting along with people who are close to him or her?,"0=Perfectly, 1=Somewhat, 2=Not at all",WHODAS Meta,,WHODASMeta,1,346,,WHODAS,WHODAS
Meta,Making new friends?,"0=Perfectly, 1=Somewhat, 2=Not at all",WHODAS Meta,,WHODASMeta,1,347,,WHODAS,WHODAS
Meta,Taking care of his or her household responsibilities?,"0=Perfectly, 1=Somewhat, 2=Not at all",WHODAS Meta,,WHODASMeta,1,348,,WHODAS,WHODAS
Meta,Doing his or her most important household tasks well?,"0=Perfectly, 1=Somewhat, 2=Not at all",WHODAS Meta,,WHODASMeta,1,349,,WHODAS,WHODAS
Meta,Getting all the household work done that is needed?,"0=Perfectly, 1=Somewhat, 2=Not at all",WHODAS Meta,,WHODASMeta,1,350,,WHODAS,WHODAS
Meta,Getting the household work done as quickly as needed?,"0=Perfectly, 1=Somewhat, 2=Not at all",WHODAS Meta,,WHODASMeta,1,351,,WHODAS,WHODAS
Meta,His or her day-to-day work/school?,"0=Perfectly, 1=Somewhat, 2=Not at all",WHODAS Meta,,WHODASMeta,1,352,,WHODAS,WHODAS
Meta,Doing his or her most important work/ school tasks well?,"0=Perfectly, 1=Somewhat, 2=Not at all",WHODAS Meta,,WHODASMeta,1,353,,WHODAS,WHODAS
Meta,Getting all the work done that is needed?,"0=Perfectly, 1=Somewhat, 2=Not at all",WHODAS Meta,,WHODASMeta,1,354,,WHODAS,WHODAS
Meta,Getting the work done as quickly as needed?,"0=Perfectly, 1=Somewhat, 2=Not at all",WHODAS Meta,,WHODASMeta,1,355,,WHODAS,WHODAS
Meta,Difficulty with spelling,"0=Perfectly, 1=Somewhat, 2=Not at all",Colorado Learning Disabilities Questionnaire – Reading Subscale (CLDQ-R) Meta,How well did you understand these questions?,ColoradoMeta,1,356,,Colorado,Colorado Learning Disabilities Questionnaire – Reading Subscale (CLDQ-R)
Meta,Difficulty learning letter names,"0=Perfectly, 1=Somewhat, 2=Not at all",Colorado Learning Disabilities Questionnaire – Reading Subscale (CLDQ-R) Meta,,ColoradoMeta,1,357,,Colorado,Colorado Learning Disabilities Questionnaire – Reading Subscale (CLDQ-R)
Meta,Difficulty learning phonics (sounding out words),"0=Perfectly, 1=Somewhat, 2=Not at all",Colorado Learning Disabilities Questionnaire – Reading Subscale (CLDQ-R) Meta,,ColoradoMeta,1,358,,Colorado,Colorado Learning Disabilities Questionnaire – Reading Subscale (CLDQ-R)
Meta,Read slowly,"0=Perfectly, 1=Somewhat, 2=Not at all",Colorado Learning Disabilities Questionnaire – Reading Subscale (CLDQ-R) Meta,,ColoradoMeta,1,359,,Colorado,Colorado Learning Disabilities Questionnaire – Reading Subscale (CLDQ-R)
Meta,Read below grade level,"0=Perfectly, 1=Somewhat, 2=Not at all",Colorado Learning Disabilities Questionnaire – Reading Subscale (CLDQ-R) Meta,,ColoradoMeta,1,360,,Colorado,Colorado Learning Disabilities Questionnaire – Reading Subscale (CLDQ-R)
Meta,Required extra help in school because of problems in reading and spelling,"0=Perfectly, 1=Somewhat, 2=Not at all",Colorado Learning Disabilities Questionnaire – Reading Subscale (CLDQ-R) Meta,,ColoradoMeta,1,361,,Colorado,Colorado Learning Disabilities Questionnaire – Reading Subscale (CLDQ-R)
Meta,Poor understanding of interpersonal space,"0=Perfectly, 1=Somewhat, 2=Not at all",Colorado Learning Disabilities Questionnaire – Reading Subscale (CLDQ-R) Meta,,ColoradoMeta,1,362,,Colorado,Colorado Learning Disabilities Questionnaire – Reading Subscale (CLDQ-R)
Meta,Difficulty knowing how others are reacting,"0=Perfectly, 1=Somewhat, 2=Not at all",Colorado Learning Disabilities Questionnaire – Reading Subscale (CLDQ-R) Meta,,ColoradoMeta,1,363,,Colorado,Colorado Learning Disabilities Questionnaire – Reading Subscale (CLDQ-R)
Meta,Has trouble understanding how others are feeling,"0=Perfectly, 1=Somewhat, 2=Not at all",Colorado Learning Disabilities Questionnaire – Reading Subscale (CLDQ-R) Meta,,ColoradoMeta,1,364,,Colorado,Colorado Learning Disabilities Questionnaire – Reading Subscale (CLDQ-R)
Meta,"Makes comments that show a lack of understanding of social situations, such as inappropriate jokes or insensitive remarks","0=Perfectly, 1=Somewhat, 2=Not at all",Colorado Learning Disabilities Questionnaire – Reading Subscale (CLDQ-R) Meta,,ColoradoMeta,1,365,,Colorado,Colorado Learning Disabilities Questionnaire – Reading Subscale (CLDQ-R)
Meta,Difficulty making or keeping friends,"0=Perfectly, 1=Somewhat, 2=Not at all",Colorado Learning Disabilities Questionnaire – Reading Subscale (CLDQ-R) Meta,,ColoradoMeta,1,366,,Colorado,Colorado Learning Disabilities Questionnaire – Reading Subscale (CLDQ-R)
Meta,Isolates self in social situations,"0=Perfectly, 1=Somewhat, 2=Not at all",Colorado Learning Disabilities Questionnaire – Reading Subscale (CLDQ-R) Meta,,ColoradoMeta,1,367,,Colorado,Colorado Learning Disabilities Questionnaire – Reading Subscale (CLDQ-R)
Meta,Feels anxious in new social situations,"0=Perfectly, 1=Somewhat, 2=Not at all",Colorado Learning Disabilities Questionnaire – Reading Subscale (CLDQ-R) Meta,,ColoradoMeta,1,368,,Colorado,Colorado Learning Disabilities Questionnaire – Reading Subscale (CLDQ-R)
Meta,Handwriting is spatially disorganized,"0=Perfectly, 1=Somewhat, 2=Not at all",Colorado Learning Disabilities Questionnaire – Reading Subscale (CLDQ-R) Meta,,ColoradoMeta,1,369,,Colorado,Colorado Learning Disabilities Questionnaire – Reading Subscale (CLDQ-R)
Meta,Papers look disorganized or messy,"0=Perfectly, 1=Somewhat, 2=Not at all",Colorado Learning Disabilities Questionnaire – Reading Subscale (CLDQ-R) Meta,,ColoradoMeta,1,370,,Colorado,Colorado Learning Disabilities Questionnaire – Reading Subscale (CLDQ-R)
Meta,"On arithmetic problems, has difficulty keeping the numbers lined up in columns","0=Perfectly, 1=Somewhat, 2=Not at all",Colorado Learning Disabilities Questionnaire – Reading Subscale (CLDQ-R) Meta,,ColoradoMeta,1,371,,Colorado,Colorado Learning Disabilities Questionnaire – Reading Subscale (CLDQ-R)
Meta,Drawings look immature for her/his age,"0=Perfectly, 1=Somewhat, 2=Not at all",Colorado Learning Disabilities Questionnaire – Reading Subscale (CLDQ-R) Meta,,ColoradoMeta,1,372,,Colorado,Colorado Learning Disabilities Questionnaire – Reading Subscale (CLDQ-R)
Meta,Worse at math than at reading and spelling,"0=Perfectly, 1=Somewhat, 2=Not at all",Colorado Learning Disabilities Questionnaire – Reading Subscale (CLDQ-R) Meta,,ColoradoMeta,1,373,,Colorado,Colorado Learning Disabilities Questionnaire – Reading Subscale (CLDQ-R)
Meta,"Makes careless errors in math, such as adding when the sign indicates subtraction","0=Perfectly, 1=Somewhat, 2=Not at all",Colorado Learning Disabilities Questionnaire – Reading Subscale (CLDQ-R) Meta,,ColoradoMeta,1,374,,Colorado,Colorado Learning Disabilities Questionnaire – Reading Subscale (CLDQ-R)
Meta,Trouble learning new math concepts such as carrying or borrowing,"0=Perfectly, 1=Somewhat, 2=Not at all",Colorado Learning Disabilities Questionnaire – Reading Subscale (CLDQ-R) Meta,,ColoradoMeta,1,375,,Colorado,Colorado Learning Disabilities Questionnaire – Reading Subscale (CLDQ-R)
Meta,"Difficulty acquiring new motor skills, such as learning how to ride a bike, skate, swim","0=Perfectly, 1=Somewhat, 2=Not at all",44331 Meta,How well did you understand these questions?,515Meta,1,376,,515,5-15
Meta,Difficulty throwing and catching a ball,"0=Perfectly, 1=Somewhat, 2=Not at all",44331 Meta,,515Meta,1,377,,515,5-15
Meta,Difficulty running fast,"0=Perfectly, 1=Somewhat, 2=Not at all",44331 Meta,,515Meta,1,378,,515,5-15
Meta,"Has difficulties or does not like to participate in game sports such as soccer/football, land hockey, basketball","0=Perfectly, 1=Somewhat, 2=Not at all",44331 Meta,,515Meta,1,379,,515,5-15
Meta,"Balance problems; for instance, has difficulty standing on one leg","0=Perfectly, 1=Somewhat, 2=Not at all",44331 Meta,,515Meta,1,380,,515,5-15
Meta,Often stumbles and falls,"0=Perfectly, 1=Somewhat, 2=Not at all",44331 Meta,,515Meta,1,381,,515,5-15
Meta,Clumsy or awkward movements,"0=Perfectly, 1=Somewhat, 2=Not at all",44331 Meta,,515Meta,1,382,,515,5-15
Meta,"Does not like to draw, has difficulties drawing figures that represent something","0=Perfectly, 1=Somewhat, 2=Not at all",44331 Meta,,515Meta,1,383,,515,5-15
Meta,"Difficulty handling, assembling and manipulating small objects","0=Perfectly, 1=Somewhat, 2=Not at all",44331 Meta,,515Meta,1,384,,515,5-15
Meta,Difficulty pouring water into a glass without spilling,"0=Perfectly, 1=Somewhat, 2=Not at all",44331 Meta,,515Meta,1,385,,515,5-15
Meta,Often spills food onto clothes or table when eating,"0=Perfectly, 1=Somewhat, 2=Not at all",44331 Meta,,515Meta,1,386,,515,5-15
Meta,Difficulty using knife and fork,"0=Perfectly, 1=Somewhat, 2=Not at all",44331 Meta,,515Meta,1,387,,515,5-15
Meta,Difficulty buttoning or tying shoe-laces,"0=Perfectly, 1=Somewhat, 2=Not at all",44331 Meta,,515Meta,1,388,,515,5-15
Meta,"Difficulty using a pen (e.g., presses too hard, hand is shaking)","0=Perfectly, 1=Somewhat, 2=Not at all",44331 Meta,,515Meta,1,389,,515,5-15
Meta,"Has not developed clear hand preference, i.e., is neither clearly right-handed nor left-handed","0=Perfectly, 1=Somewhat, 2=Not at all",44331 Meta,,515Meta,1,390,,515,5-15
Meta,Writing is slow and laborious/hard to read the result,"0=Perfectly, 1=Somewhat, 2=Not at all",44331 Meta,,515Meta,1,391,,515,5-15
Meta,"Immature pencil-grip, holds the pen in an unusual manner","0=Perfectly, 1=Somewhat, 2=Not at all",44331 Meta,,515Meta,1,392,,515,5-15
Meta,Do problems with motor function interfere with your student`s daily function?,"0=Perfectly, 1=Somewhat, 2=Not at all",44331 Meta,,515Meta,1,393,,515,5-15
Meta,Often fails to pay close attention to details or makes careless mistakes,"0=Perfectly, 1=Somewhat, 2=Not at all",44331 Meta,,515Meta,1,394,,515,5-15
Meta,Often has difficulty sustaining attention in tasks or play activities,"0=Perfectly, 1=Somewhat, 2=Not at all",44331 Meta,,515Meta,1,395,,515,5-15
Meta,Often does not seem to listen when spoken to directly,"0=Perfectly, 1=Somewhat, 2=Not at all",44331 Meta,,515Meta,1,396,,515,5-15
Meta,"Problems following instructions and fails to finish schoolwork, chores, or duties)","0=Perfectly, 1=Somewhat, 2=Not at all",44331 Meta,,515Meta,1,397,,515,5-15
Meta,Often has difficulty organizing tasks and activities,"0=Perfectly, 1=Somewhat, 2=Not at all",44331 Meta,,515Meta,1,398,,515,5-15
Meta,"Often avoids, dislikes, or is reluctant to engage in tasks that require sustained mental effort (such as homework)","0=Perfectly, 1=Somewhat, 2=Not at all",44331 Meta,,515Meta,1,399,,515,5-15
Meta,"Often loses things necessary for tasks or activities (e.g., toys, school equipment, pencils, books, sports gear or tools)","0=Perfectly, 1=Somewhat, 2=Not at all",44331 Meta,,515Meta,1,400,,515,5-15
Meta,"Is often easily distracted by extraneous stimuli (e.g., irrelevant sounds like other people talking, cars driving by)","0=Perfectly, 1=Somewhat, 2=Not at all",44331 Meta,,515Meta,1,401,,515,5-15
Meta,Is often forgetful in daily activitiesat school,"0=Perfectly, 1=Somewhat, 2=Not at all",44331 Meta,,515Meta,1,402,,515,5-15
Meta,"In constant motion (fidgets with fingers, plucks at things etc.)","0=Perfectly, 1=Somewhat, 2=Not at all",44331 Meta,,515Meta,1,403,,515,5-15
Meta,"Difficulty remaining seated (squirms in seat,gets up and moves about)","0=Perfectly, 1=Somewhat, 2=Not at all",44331 Meta,,515Meta,1,404,,515,5-15
Meta,"Often runs about or climbs excessively in situations in which is inappropriate, (more than their peers)","0=Perfectly, 1=Somewhat, 2=Not at all",44331 Meta,,515Meta,1,405,,515,5-15
Meta,Difficulty playing calmly and quietly,"0=Perfectly, 1=Somewhat, 2=Not at all",44331 Meta,,515Meta,1,406,,515,5-15
Meta,Is often ”on the go” or often acts as if ”driven by a motor”,"0=Perfectly, 1=Somewhat, 2=Not at all",44331 Meta,,515Meta,1,407,,515,5-15
Meta,Often talks excessively,"0=Perfectly, 1=Somewhat, 2=Not at all",44331 Meta,,515Meta,1,408,,515,5-15
Meta,Often blurts out answers before the question has been completed,"0=Perfectly, 1=Somewhat, 2=Not at all",44331 Meta,,515Meta,1,409,,515,5-15
Meta,"Difficulty awaiting turns (in games, during meals etc.)","0=Perfectly, 1=Somewhat, 2=Not at all",44331 Meta,,515Meta,1,410,,515,5-15
Meta,"Often interrupts or intrudes on others (e.g., butts into conversations or games)","0=Perfectly, 1=Somewhat, 2=Not at all",44331 Meta,,515Meta,1,411,,515,5-15
Meta,"Do problems with attention, concentration, over-activity or impulsivity interfere with your student`s daily function?","0=Perfectly, 1=Somewhat, 2=Not at all",44331 Meta,,515Meta,1,412,,515,5-15
Meta,Difficulty getting started on tasks/activities,"0=Perfectly, 1=Somewhat, 2=Not at all",44331 Meta,,515Meta,1,413,,515,5-15
Meta,"Difficulty completing a task/activity, does not get things done like the rest of the group","0=Perfectly, 1=Somewhat, 2=Not at all",44331 Meta,,515Meta,1,414,,515,5-15
Meta,Often ”in own world” or daydreaming,"0=Perfectly, 1=Somewhat, 2=Not at all",44331 Meta,,515Meta,1,415,,515,5-15
Meta,"Seems slow, inert, or lacking energy","0=Perfectly, 1=Somewhat, 2=Not at all",44331 Meta,,515Meta,1,416,,515,5-15
Meta,Does passivity or inactivity interfere with your student`s daily function?,"0=Perfectly, 1=Somewhat, 2=Not at all",44331 Meta,,515Meta,1,417,,515,5-15
Meta,"Difficulty understanding consequences of own actions (e.g., climbs in dangerous places, careless in traffic)","0=Perfectly, 1=Somewhat, 2=Not at all",44331 Meta,,515Meta,1,418,,515,5-15
Meta,"Difficulty planning and preparing for tasks (e.g., collecting equipment needed for an outing or for school)","0=Perfectly, 1=Somewhat, 2=Not at all",44331 Meta,,515Meta,1,419,,515,5-15
Meta,"Difficulty completing sequential tasks (e.g., young children: getting dressed in the morning without constant reminders; older children: completing home work without constant reminders)","0=Perfectly, 1=Somewhat, 2=Not at all",44331 Meta,,515Meta,1,420,,515,5-15
Meta,Do problems with planning/organizing interfere with your student`s daily function?,"0=Perfectly, 1=Somewhat, 2=Not at all",44331 Meta,,515Meta,1,421,,515,5-15
Meta,Difficulty finding his/her way around (even in well-knownplaces),"0=Perfectly, 1=Somewhat, 2=Not at all",44331 Meta,,515Meta,1,422,,515,5-15
Meta,Seems disturbed by height differences (even slight) suchas in connection with climbing stairs etc.,"0=Perfectly, 1=Somewhat, 2=Not at all",44331 Meta,,515Meta,1,423,,515,5-15
Meta,Difficulty judging distance or size,"0=Perfectly, 1=Somewhat, 2=Not at all",44331 Meta,,515Meta,1,424,,515,5-15
Meta,"Difficulty comprehending orientation and spatial directions (young children turning clothes back to front, older children confusing letters such as b, p, d, or digits such as 6, 9)","0=Perfectly, 1=Somewhat, 2=Not at all",44331 Meta,,515Meta,1,425,,515,5-15
Meta,"Bumps into other people, especially in narrow places","0=Perfectly, 1=Somewhat, 2=Not at all",44331 Meta,,515Meta,1,426,,515,5-15
Meta,"Poor concepts of time, e.g., does not have an intuitive feeling for how long “five minutes” or “one hour” take or is uncertain about how long ago something happened","0=Perfectly, 1=Somewhat, 2=Not at all",44331 Meta,,515Meta,1,427,,515,5-15
Meta,"Has only a vague idea about what time it is, whether it is morning or afternoon, whether it is time or not to go to/leave school","0=Perfectly, 1=Somewhat, 2=Not at all",44331 Meta,,515Meta,1,428,,515,5-15
Meta,"Repeatedly asks about when something is going to happen, e.g., how much time is left before an outing or before it is time to go to/leave school","0=Perfectly, 1=Somewhat, 2=Not at all",44331 Meta,,515Meta,1,429,,515,5-15
Meta,Can read the clock mechanically but does not understand the actual time concept,"0=Perfectly, 1=Somewhat, 2=Not at all",44331 Meta,,515Meta,1,430,,515,5-15
Meta,"Does not have a sense of how clothes fit, does not straighten socks or trousers that have slid down","0=Perfectly, 1=Somewhat, 2=Not at all",44331 Meta,,515Meta,1,431,,515,5-15
Meta,"Surprisingly poor perception of cold, pain etc.","0=Perfectly, 1=Somewhat, 2=Not at all",44331 Meta,,515Meta,1,432,,515,5-15
Meta,"Poor body awareness (uncertain of size of own body in relation to the environment, e.g., bumps into or tumbles over things without intention to do so)","0=Perfectly, 1=Somewhat, 2=Not at all",44331 Meta,,515Meta,1,433,,515,5-15
Meta,"Oversensitive to touch (is irritated by tight clothing, perceives soft touch as rough etc.)","0=Perfectly, 1=Somewhat, 2=Not at all",44331 Meta,,515Meta,1,434,,515,5-15
Meta,Difficulty imitating other people’s movements,"0=Perfectly, 1=Somewhat, 2=Not at all",44331 Meta,,515Meta,1,435,,515,5-15
Meta,"Tends to misinterpret pictures; e.g., may perceive a picture of a fried egg as that of a flower","0=Perfectly, 1=Somewhat, 2=Not at all",44331 Meta,,515Meta,1,436,,515,5-15
Meta,"Difficulty noticing small differences in shapes, figures, words and patterns that look alike","0=Perfectly, 1=Somewhat, 2=Not at all",44331 Meta,,515Meta,1,437,,515,5-15
Meta,"Difficulty drawing pictures such as that of a car, a house etc.(compared with their peers) ","0=Perfectly, 1=Somewhat, 2=Not at all",44331 Meta,,515Meta,1,438,,515,5-15
Meta,Difficulty with jigsaw puzzles,"0=Perfectly, 1=Somewhat, 2=Not at all",44331 Meta,,515Meta,1,439,,515,5-15
Meta,"Do problems with perception of space and directions, time, own body, or forms and figures interfere with your student`s daily function?","0=Perfectly, 1=Somewhat, 2=Not at all",44331 Meta,,515Meta,1,440,,515,5-15
Meta,"Difficulty remembering information about personal data, such as date of birth, home address etc.","0=Perfectly, 1=Somewhat, 2=Not at all",44331 Meta,,515Meta,1,441,,515,5-15
Meta,"Difficulty remembering the names of other people (e.g., name of teacher, school peers)","0=Perfectly, 1=Somewhat, 2=Not at all",44331 Meta,,515Meta,1,442,,515,5-15
Meta,"Difficulty remembering the names of weekdays, months and seasons","0=Perfectly, 1=Somewhat, 2=Not at all",44331 Meta,,515Meta,1,443,,515,5-15
Meta,"Difficulty remembering non-personal facts learned at school (e.g., historic events, chemical formulas etc.)","0=Perfectly, 1=Somewhat, 2=Not at all",44331 Meta,,515Meta,1,444,,515,5-15
Meta,"Difficulty remembering what has occurred recently, as who has phoned or, what he/she ate a few hours ago etc.","0=Perfectly, 1=Somewhat, 2=Not at all",44331 Meta,,515Meta,1,445,,515,5-15
Meta,"Difficulty remembering events that occurred some time ago, such as what happened on a trip, what Christmas presents he/she got etc.","0=Perfectly, 1=Somewhat, 2=Not at all",44331 Meta,,515Meta,1,446,,515,5-15
Meta,Difficulty remembering where he/she put things,"0=Perfectly, 1=Somewhat, 2=Not at all",44331 Meta,,515Meta,1,447,,515,5-15
Meta,Difficulty remembering appointments with peers or what home-work he/she has got,"0=Perfectly, 1=Somewhat, 2=Not at all",44331 Meta,,515Meta,1,448,,515,5-15
Meta,"Difficulty learning rhymes, songs, multiplication tables etc.by heart","0=Perfectly, 1=Somewhat, 2=Not at all",44331 Meta,,515Meta,1,449,,515,5-15
Meta,Difficulty remembering long or multiple-step instructions,"0=Perfectly, 1=Somewhat, 2=Not at all",44331 Meta,,515Meta,1,450,,515,5-15
Meta,"Difficulty acquiring new skills, such as rules of new play or games","0=Perfectly, 1=Somewhat, 2=Not at all",44331 Meta,,515Meta,1,451,,515,5-15
Meta,Do problems with memory interfere with your student`s daily function?,"0=Perfectly, 1=Somewhat, 2=Not at all",44331 Meta,,515Meta,1,452,,515,5-15
Meta,Difficulty understanding explanations and instructions,"0=Perfectly, 1=Somewhat, 2=Not at all",44331 Meta,,515Meta,1,453,,515,5-15
Meta,Difficulty following stories read aloud,"0=Perfectly, 1=Somewhat, 2=Not at all",44331 Meta,,515Meta,1,454,,515,5-15
Meta,"Difficulty perceiving what other people say (often says “what?”, ”what do you mean?”)","0=Perfectly, 1=Somewhat, 2=Not at all",44331 Meta,,515Meta,1,455,,515,5-15
Meta,"Difficulty with abstract concepts such as “the day after tomorrow”, ”in the right order”","0=Perfectly, 1=Somewhat, 2=Not at all",44331 Meta,,515Meta,1,456,,515,5-15
Meta,Tends to misinterpret what is said,"0=Perfectly, 1=Somewhat, 2=Not at all",44331 Meta,,515Meta,1,457,,515,5-15
Meta,Uncertain of speech sounds and tends to misarticulate words,"0=Perfectly, 1=Somewhat, 2=Not at all",44331 Meta,,515Meta,1,458,,515,5-15
Meta,"Difficulty learning the names of colors, people, letters etc","0=Perfectly, 1=Somewhat, 2=Not at all",44331 Meta,,515Meta,1,459,,515,5-15
Meta,"Difficulty finding words or explaining to other people, says: “the, the, the ...”","0=Perfectly, 1=Somewhat, 2=Not at all",44331 Meta,,515Meta,1,460,,515,5-15
Meta,"Tends to remember words incorrectly, says ”arm bow” instead of ”elbow”, refers to ”pointer” instead of ”index” etc.","0=Perfectly, 1=Somewhat, 2=Not at all",44331 Meta,,515Meta,1,461,,515,5-15
Meta,Difficulty explaining what he/she wants,"0=Perfectly, 1=Somewhat, 2=Not at all",44331 Meta,,515Meta,1,462,,515,5-15
Meta,Difficulty speaking fluently without any breaks,"0=Perfectly, 1=Somewhat, 2=Not at all",44331 Meta,,515Meta,1,463,,515,5-15
Meta,"Difficulty expressing him/herself in whole sentences, in grammatically correct sentences, or inflecting words","0=Perfectly, 1=Somewhat, 2=Not at all",44331 Meta,,515Meta,1,464,,515,5-15
Meta,"Pronounces specific sounds incorrectly (has a lisp, difficulty pronouncing the sound of ”r”, nasal voice etc.)","0=Perfectly, 1=Somewhat, 2=Not at all",44331 Meta,,515Meta,1,465,,515,5-15
Meta,"Difficulty pronouncing complex words such as ”electric”, ”screwdriver” etc.","0=Perfectly, 1=Somewhat, 2=Not at all",44331 Meta,,515Meta,1,466,,515,5-15
Meta,Has a hoarse voice,"0=Perfectly, 1=Somewhat, 2=Not at all",44331 Meta,,515Meta,1,467,,515,5-15
Meta,Stutters,"0=Perfectly, 1=Somewhat, 2=Not at all",44331 Meta,,515Meta,1,468,,515,5-15
Meta,Speaks so rapidly that it is difficult to comprehend what he/she is saying,"0=Perfectly, 1=Somewhat, 2=Not at all",44331 Meta,,515Meta,1,469,,515,5-15
Meta,Has a muddled speech,"0=Perfectly, 1=Somewhat, 2=Not at all",44331 Meta,,515Meta,1,470,,515,5-15
Meta,"Difficulty telling about experiences or situations so that the listener understands (e.g., what happened during the day or during the summer vacation)","0=Perfectly, 1=Somewhat, 2=Not at all",44331 Meta,,515Meta,1,471,,515,5-15
Meta,Difficulty keeping ”on track” when telling other people something,"0=Perfectly, 1=Somewhat, 2=Not at all",44331 Meta,,515Meta,1,472,,515,5-15
Meta,"Difficulty taking part in a conversation, e.g., problems shifting from listening to talking","0=Perfectly, 1=Somewhat, 2=Not at all",44331 Meta,,515Meta,1,473,,515,5-15
Meta,"Do problems with understanding of language, use of language, or verbal communication interfere with your student`s daily function?","0=Perfectly, 1=Somewhat, 2=Not at all",44331 Meta,,515Meta,1,474,,515,5-15
Meta,Acquiring reading skills is more difficult than expected considering his/her ability to learn other things,"0=Perfectly, 1=Somewhat, 2=Not at all",44331 Meta,,515Meta,1,475,,515,5-15
Meta,Has difficulties to understand what he/she is reading,"0=Perfectly, 1=Somewhat, 2=Not at all",44331 Meta,,515Meta,1,476,,515,5-15
Meta,"Difficulty reading aloud at normal speed (reads too slowly, too quickly, or fails to read fluently)","0=Perfectly, 1=Somewhat, 2=Not at all",44331 Meta,,515Meta,1,477,,515,5-15
Meta,"Does not like reading (e.g., avoids reading books)","0=Perfectly, 1=Somewhat, 2=Not at all",44331 Meta,,515Meta,1,478,,515,5-15
Meta,Makesmanyguesses while reading,"0=Perfectly, 1=Somewhat, 2=Not at all",44331 Meta,,515Meta,1,479,,515,5-15
Meta,Difficulty spelling,"0=Perfectly, 1=Somewhat, 2=Not at all",44331 Meta,,515Meta,1,480,,515,5-15
Meta,Has difficulties shapingletters and to write neatly,"0=Perfectly, 1=Somewhat, 2=Not at all",44331 Meta,,515Meta,1,481,,515,5-15
Meta,Difficulty formulating him/herself in writing,"0=Perfectly, 1=Somewhat, 2=Not at all",44331 Meta,,515Meta,1,482,,515,5-15
Meta,"Difficulty acquiring basic math skills (addition, subtraction; i.e., plus, minus)","0=Perfectly, 1=Somewhat, 2=Not at all",44331 Meta,,515Meta,1,483,,515,5-15
Meta,Difficulty with math problems given in written form,"0=Perfectly, 1=Somewhat, 2=Not at all",44331 Meta,,515Meta,1,484,,515,5-15
Meta,Difficulty learning and applying various mathematical rules,"0=Perfectly, 1=Somewhat, 2=Not at all",44331 Meta,,515Meta,1,485,,515,5-15
Meta,Difficulty learning and use multiplication tables,"0=Perfectly, 1=Somewhat, 2=Not at all",44331 Meta,,515Meta,1,486,,515,5-15
Meta,Difficulty with mental arithmetic,"0=Perfectly, 1=Somewhat, 2=Not at all",44331 Meta,,515Meta,1,487,,515,5-15
Meta,Difficulty understanding verbal instructions,"0=Perfectly, 1=Somewhat, 2=Not at all",44331 Meta,,515Meta,1,488,,515,5-15
Meta,"Difficulty understanding or using abstract terms, e.g., terms relating to size, volume, spatial directions","0=Perfectly, 1=Somewhat, 2=Not at all",44331 Meta,,515Meta,1,489,,515,5-15
Meta,Difficulty participating in discussions with other children,"0=Perfectly, 1=Somewhat, 2=Not at all",44331 Meta,,515Meta,1,490,,515,5-15
Meta,Difficulty learning facts or acquiring knowledge about the surrounding world.,"0=Perfectly, 1=Somewhat, 2=Not at all",44331 Meta,,515Meta,1,491,,515,5-15
Meta,Exceptional knowledge or skills in some area,"0=Perfectly, 1=Somewhat, 2=Not at all",44331 Meta,,515Meta,1,492,,515,5-15
Meta,"Is good at artistic or practical things (playing an instrument, drawing, painting, construction work)","0=Perfectly, 1=Somewhat, 2=Not at all",44331 Meta,,515Meta,1,493,,515,5-15
Meta,"Difficulty planning and organizing activities, (e.g., the order in which things should be done, how much time is needed to manage a specific task) ","0=Perfectly, 1=Somewhat, 2=Not at all",44331 Meta,,515Meta,1,494,,515,5-15
Meta,"Difficulty shifting plan or strategy when this is required (e.g., when the initial approach failed)","0=Perfectly, 1=Somewhat, 2=Not at all",44331 Meta,,515Meta,1,495,,515,5-15
Meta,Difficulty comprehending explanations and following instructions given by adults,"0=Perfectly, 1=Somewhat, 2=Not at all",44331 Meta,,515Meta,1,496,,515,5-15
Meta,"Difficulty solving abstract tasks (i.e., is dependent on learning material that can be seen or touched)","0=Perfectly, 1=Somewhat, 2=Not at all",44331 Meta,,515Meta,1,497,,515,5-15
Meta,"Difficulty keeping on trying and completing tasks, often leaves them half finished","0=Perfectly, 1=Somewhat, 2=Not at all",44331 Meta,,515Meta,1,498,,515,5-15
Meta,Unmotivated for school work or comparable learning situations,"0=Perfectly, 1=Somewhat, 2=Not at all",44331 Meta,,515Meta,1,499,,515,5-15
Meta,Learning is slow and laborious,"0=Perfectly, 1=Somewhat, 2=Not at all",44331 Meta,,515Meta,1,500,,515,5-15
Meta,"Does things too quickly, hastily, or in a hurry","0=Perfectly, 1=Somewhat, 2=Not at all",44331 Meta,,515Meta,1,501,,515,5-15
Meta,"Can/will not take responsibility for own actions, needs a lot of supervision","0=Perfectly, 1=Somewhat, 2=Not at all",44331 Meta,,515Meta,1,502,,515,5-15
Meta,"Very much in need of support, wants to know whether he/she is performing well","0=Perfectly, 1=Somewhat, 2=Not at all",44331 Meta,,515Meta,1,503,,515,5-15
Meta,"Does not understand other people’s social cues, e.g., facial expressions, gestures, tone of voice, or body language","0=Perfectly, 1=Somewhat, 2=Not at all",44331 Meta,,515Meta,1,504,,515,5-15
Meta,Difficulty understanding the feelings of other people,"0=Perfectly, 1=Somewhat, 2=Not at all",44331 Meta,,515Meta,1,505,,515,5-15
Meta,Difficulty responding to the needs of other people,"0=Perfectly, 1=Somewhat, 2=Not at all",44331 Meta,,515Meta,1,506,,515,5-15
Meta,"Difficulty verbally explaining emotions when feeling lonely, being bored etc.","0=Perfectly, 1=Somewhat, 2=Not at all",44331 Meta,,515Meta,1,507,,515,5-15
Meta,Speaks with a monotonous or strange voice,"0=Perfectly, 1=Somewhat, 2=Not at all",44331 Meta,,515Meta,1,508,,515,5-15
Meta,Difficulty expressing emotions and reactions with facial gestures or body language,"0=Perfectly, 1=Somewhat, 2=Not at all",44331 Meta,,515Meta,1,509,,515,5-15
Meta,Seems ”old fashioned” in styleand behavior?,"0=Perfectly, 1=Somewhat, 2=Not at all",44331 Meta,,515Meta,1,510,,515,5-15
Meta,Difficulty behaving as expected by peers,"0=Perfectly, 1=Somewhat, 2=Not at all",44331 Meta,,515Meta,1,511,,515,5-15
Meta,"Difficulty realizing how to behave in different social situations, such as when visiting relatives together with parents, when visiting friends, seeing a doctor, going to the cinema, etc.","0=Perfectly, 1=Somewhat, 2=Not at all",44331 Meta,,515Meta,1,512,,515,5-15
Meta,"Is perceived by peers as different, odd, or eccentric","0=Perfectly, 1=Somewhat, 2=Not at all",44331 Meta,,515Meta,1,513,,515,5-15
Meta,Unintentionally makes a fool of himself so that parents feel embarrassed or peers start laughing,"0=Perfectly, 1=Somewhat, 2=Not at all",44331 Meta,,515Meta,1,514,,515,5-15
Meta,Unintentionally makes a fool of himself so that parents feel embarrassed or peers start laughing,"0=Perfectly, 1=Somewhat, 2=Not at all",44331 Meta,,515Meta,1,515,,515,5-15
Meta,Has a weak sense of humour,"0=Perfectly, 1=Somewhat, 2=Not at all",44331 Meta,,515Meta,1,516,,515,5-15
Meta,Blurts out socially inappropriate comments,"0=Perfectly, 1=Somewhat, 2=Not at all",44331 Meta,,515Meta,1,517,,515,5-15
Meta,Difficulty comprehending rules or prohibitions,"0=Perfectly, 1=Somewhat, 2=Not at all",44331 Meta,,515Meta,1,518,,515,5-15
Meta,Often quarrels with peers,"0=Perfectly, 1=Somewhat, 2=Not at all",44331 Meta,,515Meta,1,519,,515,5-15
Meta,"Difficulty understanding and respecting other people’s rights, for example, that younger children need more help than older ones, and that parents should be left alone when they demand it, etc.","0=Perfectly, 1=Somewhat, 2=Not at all",44331 Meta,,515Meta,1,520,,515,5-15
Meta,"Difficulty in group or team activities or games, invents new rules for own benefit","0=Perfectly, 1=Somewhat, 2=Not at all",44331 Meta,,515Meta,1,521,,515,5-15
Meta,Difficulty making friends,"0=Perfectly, 1=Somewhat, 2=Not at all",44331 Meta,,515Meta,1,522,,515,5-15
Meta,Does not often interact with peers,"0=Perfectly, 1=Somewhat, 2=Not at all",44331 Meta,,515Meta,1,523,,515,5-15
Meta,Difficulty to participate in group activities,"0=Perfectly, 1=Somewhat, 2=Not at all",44331 Meta,,515Meta,1,524,,515,5-15
Meta,Not accepted by other children to participate in their games,"0=Perfectly, 1=Somewhat, 2=Not at all",44331 Meta,,515Meta,1,525,,515,5-15
Meta,Does not care for physical contact such as hugs,"0=Perfectly, 1=Somewhat, 2=Not at all",44331 Meta,,515Meta,1,526,,515,5-15
Meta,Has one or a few interests that take up considerable time and that impinge on relations with family and friends,"0=Perfectly, 1=Somewhat, 2=Not at all",44331 Meta,,515Meta,1,527,,515,5-15
Meta,Repeats or gets stuck in seemingly meaningless behavioror activities,"0=Perfectly, 1=Somewhat, 2=Not at all",44331 Meta,,515Meta,1,528,,515,5-15
Meta,Gets very upset by tiny changes in daily routines,"0=Perfectly, 1=Somewhat, 2=Not at all",44331 Meta,,515Meta,1,529,,515,5-15
Meta,Eye contact in face to face situations is abnormal or missing,"0=Perfectly, 1=Somewhat, 2=Not at all",44331 Meta,,515Meta,1,530,,515,5-15
Meta,Do problems with social skills interfere with your student`s daily function?,"0=Perfectly, 1=Somewhat, 2=Not at all",44331 Meta,,515Meta,1,531,,515,5-15
Meta,Poor self-confidence,"0=Perfectly, 1=Somewhat, 2=Not at all",44331 Meta,,515Meta,1,532,,515,5-15
Meta,"Seems to be unhappy, sad, depressed","0=Perfectly, 1=Somewhat, 2=Not at all",44331 Meta,,515Meta,1,533,,515,5-15
Meta,Often complains about feelings of loneliness,"0=Perfectly, 1=Somewhat, 2=Not at all",44331 Meta,,515Meta,1,534,,515,5-15
Meta,Has tried to inflict bodily damage to him-/herself or talks about that,"0=Perfectly, 1=Somewhat, 2=Not at all",44331 Meta,,515Meta,1,535,,515,5-15
Meta,Has a poor appetite,"0=Perfectly, 1=Somewhat, 2=Not at all",44331 Meta,,515Meta,1,536,,515,5-15
Meta,Often expresses a feeling of being worthless or inferior to other children,"0=Perfectly, 1=Somewhat, 2=Not at all",44331 Meta,,515Meta,1,537,,515,5-15
Meta,"Often complains about bellyaches, headaches, breathing difficulties or other bodily symptoms","0=Perfectly, 1=Somewhat, 2=Not at all",44331 Meta,,515Meta,1,538,,515,5-15
Meta,Appears tense and anxious or complains about being nervous,"0=Perfectly, 1=Somewhat, 2=Not at all",44331 Meta,,515Meta,1,539,,515,5-15
Meta,"Becomes very anxious or unhappy when leaving home e.g., when setting to school","0=Perfectly, 1=Somewhat, 2=Not at all",44331 Meta,,515Meta,1,540,,515,5-15
Meta,Moresleeping problemsthan most children of similar age,"0=Perfectly, 1=Somewhat, 2=Not at all",44331 Meta,,515Meta,1,541,,515,5-15
Meta,Often has nightmares,"0=Perfectly, 1=Somewhat, 2=Not at all",44331 Meta,,515Meta,1,542,,515,5-15
Meta,Walks in sleep or has nocturnal attacks when he/she cannot be ”reached” or comforted,"0=Perfectly, 1=Somewhat, 2=Not at all",44331 Meta,,515Meta,1,543,,515,5-15
Meta,Often loses temper,"0=Perfectly, 1=Somewhat, 2=Not at all",44331 Meta,,515Meta,1,544,,515,5-15
Meta,Often argues with adults,"0=Perfectly, 1=Somewhat, 2=Not at all",44331 Meta,,515Meta,1,545,,515,5-15
Meta,Often refuses to follow the instructions of adults,"0=Perfectly, 1=Somewhat, 2=Not at all",44331 Meta,,515Meta,1,546,,515,5-15
Meta,Often teases others by deliberately doing things that are perceived as provocative,"0=Perfectly, 1=Somewhat, 2=Not at all",44331 Meta,,515Meta,1,547,,515,5-15
Meta,Often blames others for own mistakes or bad actions,"0=Perfectly, 1=Somewhat, 2=Not at all",44331 Meta,,515Meta,1,548,,515,5-15
Meta,"Is easily offended, or disturbed by others","0=Perfectly, 1=Somewhat, 2=Not at all",44331 Meta,,515Meta,1,549,,515,5-15
Meta,Often gets into fights,"0=Perfectly, 1=Somewhat, 2=Not at all",44331 Meta,,515Meta,1,550,,515,5-15
Meta,Is cruel to animals,"0=Perfectly, 1=Somewhat, 2=Not at all",44331 Meta,,515Meta,1,551,,515,5-15
Meta,Lies and cheats,"0=Perfectly, 1=Somewhat, 2=Not at all",44331 Meta,,515Meta,1,552,,515,5-15
Meta,Steals things at home,"0=Perfectly, 1=Somewhat, 2=Not at all",44331 Meta,,515Meta,1,553,,515,5-15
Meta,Often destroys the belongings of other family members or other children,"0=Perfectly, 1=Somewhat, 2=Not at all",44331 Meta,,515Meta,1,554,,515,5-15
Meta,Are you aware if the student has recurrent episodes of a few days with extremely high activity level and flight of ideas,"0=Perfectly, 1=Somewhat, 2=Not at all",44331 Meta,,515Meta,1,555,,515,5-15
Meta,Are you aware if the student has recurrent periods of obvious irritability,"0=Perfectly, 1=Somewhat, 2=Not at all",44331 Meta,,515Meta,1,556,,515,5-15
Meta,Compulsively repeats some activities or has habits that are very difficult to change,"0=Perfectly, 1=Somewhat, 2=Not at all",44331 Meta,,515Meta,1,557,,515,5-15
Meta,Has obsessive/fixed ideas,"0=Perfectly, 1=Somewhat, 2=Not at all",44331 Meta,,515Meta,1,558,,515,5-15
Meta,"Has involuntary movements, tics, twitches or facial grimaces","0=Perfectly, 1=Somewhat, 2=Not at all",44331 Meta,,515Meta,1,559,,515,5-15
Meta,"Repeats meaningless movements, such as head shaking, body jerking and finger drumming","0=Perfectly, 1=Somewhat, 2=Not at all",44331 Meta,,515Meta,1,560,,515,5-15
Meta,"Emits unmotivated sounds such as throat clearing, sneezing, swallowing, barking, shouting etc","0=Perfectly, 1=Somewhat, 2=Not at all",44331 Meta,,515Meta,1,561,,515,5-15
Meta,"Difficulty keeping quiet, e.g., whistles, hums, mumbles","0=Perfectly, 1=Somewhat, 2=Not at all",44331 Meta,,515Meta,1,562,,515,5-15
Meta,Repeats words or parts of words in a meaningless way,"0=Perfectly, 1=Somewhat, 2=Not at all",44331 Meta,,515Meta,1,563,,515,5-15
Meta,Uses dirty words or language in an exaggerated way,"0=Perfectly, 1=Somewhat, 2=Not at all",44331 Meta,,515Meta,1,564,,515,5-15
Meta,"Do emotional problems, obsessive actions or thoughts interfere with your student`s daily function?","0=Perfectly, 1=Somewhat, 2=Not at all",44331 Meta,,515Meta,1,565,,515,5-15
Meta,Describe the strengths of your child:,"0=Perfectly, 1=Somewhat, 2=Not at all",44331 Meta,,515Meta,1,566,,515,5-15
Meta,Describe the problems with your student that you are most worried about:,"0=Perfectly, 1=Somewhat, 2=Not at all",44331 Meta,,515Meta,1,567,,515,5-15
Meta,Doesn’t seem to understand things that are said to him/her,"0=Perfectly, 1=Somewhat, 2=Not at all",LEAF Meta,How well did you understand these questions?,LEAFMeta,1,568,,LEAF,LEAF
Meta,Has difficulty following long conversations or explanations.,"0=Perfectly, 1=Somewhat, 2=Not at all",LEAF Meta,,LEAFMeta,1,569,,LEAF,LEAF
Meta,Poor comprehension of reading material.,"0=Perfectly, 1=Somewhat, 2=Not at all",LEAF Meta,,LEAFMeta,1,570,,LEAF,LEAF
Meta,Doesn’t “get the point” of what is being said.,"0=Perfectly, 1=Somewhat, 2=Not at all",LEAF Meta,,LEAFMeta,1,571,,LEAF,LEAF
Meta,Doesn’t really understand new learning materials.,"0=Perfectly, 1=Somewhat, 2=Not at all",LEAF Meta,,LEAFMeta,1,572,,LEAF,LEAF
Meta,Difficulty memorizing information.,"0=Perfectly, 1=Somewhat, 2=Not at all",LEAF Meta,,LEAFMeta,1,573,,LEAF,LEAF
Meta,Doesn’t retain facts well.,"0=Perfectly, 1=Somewhat, 2=Not at all",LEAF Meta,,LEAFMeta,1,574,,LEAF,LEAF
Meta,Has poor memory.,"0=Perfectly, 1=Somewhat, 2=Not at all",LEAF Meta,,LEAFMeta,1,575,,LEAF,LEAF
Meta,Forgets things that he/she has just learned.,"0=Perfectly, 1=Somewhat, 2=Not at all",LEAF Meta,,LEAFMeta,1,576,,LEAF,LEAF
Meta,Remembers the main idea but forgets details.,"0=Perfectly, 1=Somewhat, 2=Not at all",LEAF Meta,,LEAFMeta,1,577,,LEAF,LEAF
Meta,Poor attention span.,"0=Perfectly, 1=Somewhat, 2=Not at all",LEAF Meta,,LEAFMeta,1,578,,LEAF,LEAF
Meta,Mind seems to drift or wander when he/she is suppose to concentrate.,"0=Perfectly, 1=Somewhat, 2=Not at all",LEAF Meta,,LEAFMeta,1,579,,LEAF,LEAF
Meta,Does not stay focused on learning material.,"0=Perfectly, 1=Somewhat, 2=Not at all",LEAF Meta,,LEAFMeta,1,580,,LEAF,LEAF
Meta,Easily distracted.,"0=Perfectly, 1=Somewhat, 2=Not at all",LEAF Meta,,LEAFMeta,1,581,,LEAF,LEAF
Meta,Doesn’t listen when others are teaching or talking to him/her.,"0=Perfectly, 1=Somewhat, 2=Not at all",LEAF Meta,,LEAFMeta,1,582,,LEAF,LEAF
Meta,"Has trouble completing work quickly, even when motivated to do well.","0=Perfectly, 1=Somewhat, 2=Not at all",LEAF Meta,,LEAFMeta,1,583,,LEAF,LEAF
Meta,Works deliberately and slowly on schoolwork and homework.,"0=Perfectly, 1=Somewhat, 2=Not at all",LEAF Meta,,LEAFMeta,1,584,,LEAF,LEAF
Meta,Writes and/or reads slowly.,"0=Perfectly, 1=Somewhat, 2=Not at all",LEAF Meta,,LEAFMeta,1,585,,LEAF,LEAF
Meta,Needs extra time to complete tests or other work.,"0=Perfectly, 1=Somewhat, 2=Not at all",LEAF Meta,,LEAFMeta,1,586,,LEAF,LEAF
Meta,Is slow to get started on things.,"0=Perfectly, 1=Somewhat, 2=Not at all",LEAF Meta,,LEAFMeta,1,587,,LEAF,LEAF
Meta,Poor organization.,"0=Perfectly, 1=Somewhat, 2=Not at all",LEAF Meta,,LEAFMeta,1,588,,LEAF,LEAF
Meta,"Room, desk, locker, work area, etc. is very messy","0=Perfectly, 1=Somewhat, 2=Not at all",LEAF Meta,,LEAFMeta,1,589,,LEAF,LEAF
Meta,Not very good with puzzles or putting things together.,"0=Perfectly, 1=Somewhat, 2=Not at all",LEAF Meta,,LEAFMeta,1,590,,LEAF,LEAF
Meta,Drawing and/or handwriting is poor.,"0=Perfectly, 1=Somewhat, 2=Not at all",LEAF Meta,,LEAFMeta,1,591,,LEAF,LEAF
Meta,Doesn’t pay attention to visual details in the environment.,"0=Perfectly, 1=Somewhat, 2=Not at all",LEAF Meta,,LEAFMeta,1,592,,LEAF,LEAF
Meta,Doesn’t plan ahead.,"0=Perfectly, 1=Somewhat, 2=Not at all",LEAF Meta,,LEAFMeta,1,593,,LEAF,LEAF
Meta,Doesn’t learn from punishment or other past experiences.,"0=Perfectly, 1=Somewhat, 2=Not at all",LEAF Meta,,LEAFMeta,1,594,,LEAF,LEAF
Meta,Has trouble with long assignments or multistep directions.,"0=Perfectly, 1=Somewhat, 2=Not at all",LEAF Meta,,LEAFMeta,1,595,,LEAF,LEAF
Meta,Loses track of step-by-step directions.,"0=Perfectly, 1=Somewhat, 2=Not at all",LEAF Meta,,LEAFMeta,1,596,,LEAF,LEAF
Meta,Doesn’t complete tasks in proper order; Haphazard in approaching problems.,"0=Perfectly, 1=Somewhat, 2=Not at all",LEAF Meta,,LEAFMeta,1,597,,LEAF,LEAF
Meta,Can’t do more than one thing at a time,"0=Perfectly, 1=Somewhat, 2=Not at all",LEAF Meta,,LEAFMeta,1,598,,LEAF,LEAF
Meta,Gets overwhelmed if required to learn or attend to a lot of information.,"0=Perfectly, 1=Somewhat, 2=Not at all",LEAF Meta,,LEAFMeta,1,599,,LEAF,LEAF
Meta,"If distracted, loses track of what he/she was doing/learning.","0=Perfectly, 1=Somewhat, 2=Not at all",LEAF Meta,,LEAFMeta,1,600,,LEAF,LEAF
Meta,Forgets things that he/she knew how to do a few hours or days before.,"0=Perfectly, 1=Somewhat, 2=Not at all",LEAF Meta,,LEAFMeta,1,601,,LEAF,LEAF
Meta,Gets upset or “shuts down” when challenged with learning.,"0=Perfectly, 1=Somewhat, 2=Not at all",LEAF Meta,,LEAFMeta,1,602,,LEAF,LEAF
Meta,Struggles when learning new materials.,"0=Perfectly, 1=Somewhat, 2=Not at all",LEAF Meta,,LEAFMeta,1,603,,LEAF,LEAF
Meta,Does not solve problems independently (needs help on new problems).,"0=Perfectly, 1=Somewhat, 2=Not at all",LEAF Meta,,LEAFMeta,1,604,,LEAF,LEAF
Meta,"Resists learning anything that is unfamiliar, new, or different","0=Perfectly, 1=Somewhat, 2=Not at all",LEAF Meta,,LEAFMeta,1,605,,LEAF,LEAF
Meta,"Has difficulty with new situations, new people, or unfamiliar settings","0=Perfectly, 1=Somewhat, 2=Not at all",LEAF Meta,,LEAFMeta,1,606,,LEAF,LEAF
Meta,Avoids new experiences.,"0=Perfectly, 1=Somewhat, 2=Not at all",LEAF Meta,,LEAFMeta,1,607,,LEAF,LEAF
Meta,Math is difficult for him/her.,"0=Perfectly, 1=Somewhat, 2=Not at all",LEAF Meta,,LEAFMeta,1,608,,LEAF,LEAF
Meta,Slow at math.,"0=Perfectly, 1=Somewhat, 2=Not at all",LEAF Meta,,LEAFMeta,1,609,,LEAF,LEAF
Meta,Makes mistakes during arithmetic calculations or counting.,"0=Perfectly, 1=Somewhat, 2=Not at all",LEAF Meta,,LEAFMeta,1,610,,LEAF,LEAF
Meta,Prefers reading and language subjects to math.,"0=Perfectly, 1=Somewhat, 2=Not at all",LEAF Meta,,LEAFMeta,1,611,,LEAF,LEAF
Meta,Takes a long time to learn new mathematics operations or concepts.,"0=Perfectly, 1=Somewhat, 2=Not at all",LEAF Meta,,LEAFMeta,1,612,,LEAF,LEAF
Meta,Reading is slow.,"0=Perfectly, 1=Somewhat, 2=Not at all",LEAF Meta,,LEAFMeta,1,613,,LEAF,LEAF
Meta,Has trouble sounding out new words when reading,"0=Perfectly, 1=Somewhat, 2=Not at all",LEAF Meta,,LEAFMeta,1,614,,LEAF,LEAF
Meta,Reading is hesitant or choppy; doesn’t read smoothly.,"0=Perfectly, 1=Somewhat, 2=Not at all",LEAF Meta,,LEAFMeta,1,615,,LEAF,LEAF
Meta,Makes mistakes when sounding out or pronouncing words in reading.,"0=Perfectly, 1=Somewhat, 2=Not at all",LEAF Meta,,LEAFMeta,1,616,,LEAF,LEAF
Meta,Skips or mistakes words during reading.,"0=Perfectly, 1=Somewhat, 2=Not at all",LEAF Meta,,LEAFMeta,1,617,,LEAF,LEAF
Meta,Writing is slow.,"0=Perfectly, 1=Somewhat, 2=Not at all",LEAF Meta,,LEAFMeta,1,618,,LEAF,LEAF
Meta,"Written expression is very simple (basic, immature).","0=Perfectly, 1=Somewhat, 2=Not at all",LEAF Meta,,LEAFMeta,1,619,,LEAF,LEAF
Meta,"Makes errors in grammar, punctuation, or spelling when writing sentences.","0=Perfectly, 1=Somewhat, 2=Not at all",LEAF Meta,,LEAFMeta,1,620,,LEAF,LEAF
Meta,Has difficulty explaining things or expressing self in writing.,"0=Perfectly, 1=Somewhat, 2=Not at all",LEAF Meta,,LEAFMeta,1,621,,LEAF,LEAF
Meta,Struggles with subjects that require writing.,"0=Perfectly, 1=Somewhat, 2=Not at all",LEAF Meta,,LEAFMeta,1,622,,LEAF,LEAF