Variable / Field Name,Form Name,Section Header,,Item Header,,Field Label,"Choices, Calculations, OR Slider Labels",Field Type,,,Text Validation Min,Text Validation Max,,,Form Display Name
84,qr94,"INSTRUCTIONS: This questionnaire will allow to your doctor to have a better understanding of the sleep-wake rhythm of your child and of any problems in his/her sleep behavior. Try to answer every question; in answering, consider each question as pertaining to the past 6 months of the child’s life. Please answer the questions by circling or striking the number 1 to 5. Thank you very much for your help.
","INSTRUCTIONS: This questionnaire will allow to your doctor to have a better understanding of the sleep-wake rhythm of your child and of any problems in his/her sleep behavior. Try to answer every question; in answering, consider each question as pertaining to the past 6 months of the child’s life. Please answer the questions by selecting the number 1 to 5.",,,How many hours of sleep does your child get on most nights?,"1=9-11 hours, 2=8-9 hours, 3=7-8 hours, 4=5-7 hours, 5=less than 5 hours",1,1,1,5,oo,,5,Sleep Disturbance Scale for Children
85,qr94,"INSTRUCTIONS: This questionnaire will allow to your doctor to have a better understanding of the sleep-wake rhythm of your child and of any problems in his/her sleep behavior. Try to answer every question; in answering, consider each question as pertaining to the past 6 months of the child’s life. Please answer the questions by circling or striking the number 1 to 5. Thank you very much for your help.
","INSTRUCTIONS: This questionnaire will allow to your doctor to have a better understanding of the sleep-wake rhythm of your child and of any problems in his/her sleep behavior. Try to answer every question; in answering, consider each question as pertaining to the past 6 months of the child’s life. Please answer the questions by selecting the number 1 to 5.",,,How long after going to bed does your child usually fall asleep?,"1=less than 15 min, 2=15-30 min, 3=30-45 min, 4=45-60 min, 5=more than 60 min",1,1,1,oo,5,,5,Sleep Disturbance Scale for Children
86,qr94,"INSTRUCTIONS: This questionnaire will allow to your doctor to have a better understanding of the sleep-wake rhythm of your child and of any problems in his/her sleep behavior. Try to answer every question; in answering, consider each question as pertaining to the past 6 months of the child’s life. Please answer the questions by circling or striking the number 1 to 5. Thank you very much for your help.
","INSTRUCTIONS: This questionnaire will allow to your doctor to have a better understanding of the sleep-wake rhythm of your child and of any problems in his/her sleep behavior. Try to answer every question; in answering, consider each question as pertaining to the past 6 months of the child’s life. Please answer the questions by selecting the number 1 to 5.",,,The child goes to bed reluctantly,"1=Never, 2=Occasionally (once or twice per month or less), 3=Sometimes (once or twice per week), 4=Often (3 to 5 times per week), 5=Always (daily)",1,1,1,oo,5,,5,Sleep Disturbance Scale for Children
87,qr94,"INSTRUCTIONS: This questionnaire will allow to your doctor to have a better understanding of the sleep-wake rhythm of your child and of any problems in his/her sleep behavior. Try to answer every question; in answering, consider each question as pertaining to the past 6 months of the child’s life. Please answer the questions by circling or striking the number 1 to 5. Thank you very much for your help.
","INSTRUCTIONS: This questionnaire will allow to your doctor to have a better understanding of the sleep-wake rhythm of your child and of any problems in his/her sleep behavior. Try to answer every question; in answering, consider each question as pertaining to the past 6 months of the child’s life. Please answer the questions by selecting the number 1 to 5.",,,The child has difficulty getting to sleep at night,"1=Never, 2=Occasionally (once or twice per month or less), 3=Sometimes (once or twice per week), 4=Often (3 to 5 times per week), 5=Always (daily)",1,1,1,oo,5,,5,Sleep Disturbance Scale for Children
88,qr94,"INSTRUCTIONS: This questionnaire will allow to your doctor to have a better understanding of the sleep-wake rhythm of your child and of any problems in his/her sleep behavior. Try to answer every question; in answering, consider each question as pertaining to the past 6 months of the child’s life. Please answer the questions by circling or striking the number 1 to 5. Thank you very much for your help.
","INSTRUCTIONS: This questionnaire will allow to your doctor to have a better understanding of the sleep-wake rhythm of your child and of any problems in his/her sleep behavior. Try to answer every question; in answering, consider each question as pertaining to the past 6 months of the child’s life. Please answer the questions by selecting the number 1 to 5.",,,The child feels anxious or afraid when falling asleep,"1=Never, 2=Occasionally (once or twice per month or less), 3=Sometimes (once or twice per week), 4=Often (3 to 5 times per week), 5=Always (daily)",1,1,1,oo,5,,5,Sleep Disturbance Scale for Children
89,qr94,"INSTRUCTIONS: This questionnaire will allow to your doctor to have a better understanding of the sleep-wake rhythm of your child and of any problems in his/her sleep behavior. Try to answer every question; in answering, consider each question as pertaining to the past 6 months of the child’s life. Please answer the questions by circling or striking the number 1 to 5. Thank you very much for your help.
","INSTRUCTIONS: This questionnaire will allow to your doctor to have a better understanding of the sleep-wake rhythm of your child and of any problems in his/her sleep behavior. Try to answer every question; in answering, consider each question as pertaining to the past 6 months of the child’s life. Please answer the questions by selecting the number 1 to 5.",,,The child startles or jerks parts of the body while falling asleep,"1=Never, 2=Occasionally (once or twice per month or less), 3=Sometimes (once or twice per week), 4=Often (3 to 5 times per week), 5=Always (daily)",1,1,1,oo,5,,5,Sleep Disturbance Scale for Children
90,qr94,"INSTRUCTIONS: This questionnaire will allow to your doctor to have a better understanding of the sleep-wake rhythm of your child and of any problems in his/her sleep behavior. Try to answer every question; in answering, consider each question as pertaining to the past 6 months of the child’s life. Please answer the questions by circling or striking the number 1 to 5. Thank you very much for your help.
","INSTRUCTIONS: This questionnaire will allow to your doctor to have a better understanding of the sleep-wake rhythm of your child and of any problems in his/her sleep behavior. Try to answer every question; in answering, consider each question as pertaining to the past 6 months of the child’s life. Please answer the questions by selecting the number 1 to 5.",,,The child shows repetitive actions such as rocking or head banging while falling asleep,"1=Never, 2=Occasionally (once or twice per month or less), 3=Sometimes (once or twice per week), 4=Often (3 to 5 times per week), 5=Always (daily)",1,1,1,oo,5,,5,Sleep Disturbance Scale for Children
91,qr94,"INSTRUCTIONS: This questionnaire will allow to your doctor to have a better understanding of the sleep-wake rhythm of your child and of any problems in his/her sleep behavior. Try to answer every question; in answering, consider each question as pertaining to the past 6 months of the child’s life. Please answer the questions by circling or striking the number 1 to 5. Thank you very much for your help.
","INSTRUCTIONS: This questionnaire will allow to your doctor to have a better understanding of the sleep-wake rhythm of your child and of any problems in his/her sleep behavior. Try to answer every question; in answering, consider each question as pertaining to the past 6 months of the child’s life. Please answer the questions by selecting the number 1 to 5.",,,The child experiences vivid dream-like scenes while falling asleep,"1=Never, 2=Occasionally (once or twice per month or less), 3=Sometimes (once or twice per week), 4=Often (3 to 5 times per week), 5=Always (daily)",1,1,1,oo,5,,5,Sleep Disturbance Scale for Children
92,qr94,"INSTRUCTIONS: This questionnaire will allow to your doctor to have a better understanding of the sleep-wake rhythm of your child and of any problems in his/her sleep behavior. Try to answer every question; in answering, consider each question as pertaining to the past 6 months of the child’s life. Please answer the questions by circling or striking the number 1 to 5. Thank you very much for your help.
","INSTRUCTIONS: This questionnaire will allow to your doctor to have a better understanding of the sleep-wake rhythm of your child and of any problems in his/her sleep behavior. Try to answer every question; in answering, consider each question as pertaining to the past 6 months of the child’s life. Please answer the questions by selecting the number 1 to 5.",,,The child sweats excessively while falling asleep,"1=Never, 2=Occasionally (once or twice per month or less), 3=Sometimes (once or twice per week), 4=Often (3 to 5 times per week), 5=Always (daily)",1,1,1,oo,5,,5,Sleep Disturbance Scale for Children
93,qr94,"INSTRUCTIONS: This questionnaire will allow to your doctor to have a better understanding of the sleep-wake rhythm of your child and of any problems in his/her sleep behavior. Try to answer every question; in answering, consider each question as pertaining to the past 6 months of the child’s life. Please answer the questions by circling or striking the number 1 to 5. Thank you very much for your help.
","INSTRUCTIONS: This questionnaire will allow to your doctor to have a better understanding of the sleep-wake rhythm of your child and of any problems in his/her sleep behavior. Try to answer every question; in answering, consider each question as pertaining to the past 6 months of the child’s life. Please answer the questions by selecting the number 1 to 5.",,,The child wakes up more than twice per night,"1=Never, 2=Occasionally (once or twice per month or less), 3=Sometimes (once or twice per week), 4=Often (3 to 5 times per week), 5=Always (daily)",1,1,1,oo,5,,5,Sleep Disturbance Scale for Children
94,qr94,"INSTRUCTIONS: This questionnaire will allow to your doctor to have a better understanding of the sleep-wake rhythm of your child and of any problems in his/her sleep behavior. Try to answer every question; in answering, consider each question as pertaining to the past 6 months of the child’s life. Please answer the questions by circling or striking the number 1 to 5. Thank you very much for your help.
","INSTRUCTIONS: This questionnaire will allow to your doctor to have a better understanding of the sleep-wake rhythm of your child and of any problems in his/her sleep behavior. Try to answer every question; in answering, consider each question as pertaining to the past 6 months of the child’s life. Please answer the questions by selecting the number 1 to 5.",,,"After waking up in the night, the child has difficulty to fall asleep again","1=Never, 2=Occasionally (once or twice per month or less), 3=Sometimes (once or twice per week), 4=Often (3 to 5 times per week), 5=Always (daily)",1,1,1,oo,5,,5,Sleep Disturbance Scale for Children
95,qr94,"INSTRUCTIONS: This questionnaire will allow to your doctor to have a better understanding of the sleep-wake rhythm of your child and of any problems in his/her sleep behavior. Try to answer every question; in answering, consider each question as pertaining to the past 6 months of the child’s life. Please answer the questions by circling or striking the number 1 to 5. Thank you very much for your help.
","INSTRUCTIONS: This questionnaire will allow to your doctor to have a better understanding of the sleep-wake rhythm of your child and of any problems in his/her sleep behavior. Try to answer every question; in answering, consider each question as pertaining to the past 6 months of the child’s life. Please answer the questions by selecting the number 1 to 5.",,,The child has frequent twitching or jerking of legs while asleep or often changes position during the night or kicks the covers off the bed,"1=Never, 2=Occasionally (once or twice per month or less), 3=Sometimes (once or twice per week), 4=Often (3 to 5 times per week), 5=Always (daily)",1,1,1,oo,5,,5,Sleep Disturbance Scale for Children
96,qr94,"INSTRUCTIONS: This questionnaire will allow to your doctor to have a better understanding of the sleep-wake rhythm of your child and of any problems in his/her sleep behavior. Try to answer every question; in answering, consider each question as pertaining to the past 6 months of the child’s life. Please answer the questions by circling or striking the number 1 to 5. Thank you very much for your help.
","INSTRUCTIONS: This questionnaire will allow to your doctor to have a better understanding of the sleep-wake rhythm of your child and of any problems in his/her sleep behavior. Try to answer every question; in answering, consider each question as pertaining to the past 6 months of the child’s life. Please answer the questions by selecting the number 1 to 5.",,,The child has difficulty in breathing during the night,"1=Never, 2=Occasionally (once or twice per month or less), 3=Sometimes (once or twice per week), 4=Often (3 to 5 times per week), 5=Always (daily)",1,1,1,oo,5,,5,Sleep Disturbance Scale for Children
97,qr94,"INSTRUCTIONS: This questionnaire will allow to your doctor to have a better understanding of the sleep-wake rhythm of your child and of any problems in his/her sleep behavior. Try to answer every question; in answering, consider each question as pertaining to the past 6 months of the child’s life. Please answer the questions by circling or striking the number 1 to 5. Thank you very much for your help.
","INSTRUCTIONS: This questionnaire will allow to your doctor to have a better understanding of the sleep-wake rhythm of your child and of any problems in his/her sleep behavior. Try to answer every question; in answering, consider each question as pertaining to the past 6 months of the child’s life. Please answer the questions by selecting the number 1 to 5.",,,The child gasps for breath or is unable to breathe during sleep,"1=Never, 2=Occasionally (once or twice per month or less), 3=Sometimes (once or twice per week), 4=Often (3 to 5 times per week), 5=Always (daily)",1,1,1,oo,5,,5,Sleep Disturbance Scale for Children
98,qr94,"INSTRUCTIONS: This questionnaire will allow to your doctor to have a better understanding of the sleep-wake rhythm of your child and of any problems in his/her sleep behavior. Try to answer every question; in answering, consider each question as pertaining to the past 6 months of the child’s life. Please answer the questions by circling or striking the number 1 to 5. Thank you very much for your help.
","INSTRUCTIONS: This questionnaire will allow to your doctor to have a better understanding of the sleep-wake rhythm of your child and of any problems in his/her sleep behavior. Try to answer every question; in answering, consider each question as pertaining to the past 6 months of the child’s life. Please answer the questions by selecting the number 1 to 5.",,,The child snores,"1=Never, 2=Occasionally (once or twice per month or less), 3=Sometimes (once or twice per week), 4=Often (3 to 5 times per week), 5=Always (daily)",1,1,1,oo,5,,5,Sleep Disturbance Scale for Children
99,qr94,"INSTRUCTIONS: This questionnaire will allow to your doctor to have a better understanding of the sleep-wake rhythm of your child and of any problems in his/her sleep behavior. Try to answer every question; in answering, consider each question as pertaining to the past 6 months of the child’s life. Please answer the questions by circling or striking the number 1 to 5. Thank you very much for your help.
","INSTRUCTIONS: This questionnaire will allow to your doctor to have a better understanding of the sleep-wake rhythm of your child and of any problems in his/her sleep behavior. Try to answer every question; in answering, consider each question as pertaining to the past 6 months of the child’s life. Please answer the questions by selecting the number 1 to 5.",,,The child sweats excessively during the night,"1=Never, 2=Occasionally (once or twice per month or less), 3=Sometimes (once or twice per week), 4=Often (3 to 5 times per week), 5=Always (daily)",1,1,1,oo,5,,5,Sleep Disturbance Scale for Children
100,qr94,"INSTRUCTIONS: This questionnaire will allow to your doctor to have a better understanding of the sleep-wake rhythm of your child and of any problems in his/her sleep behavior. Try to answer every question; in answering, consider each question as pertaining to the past 6 months of the child’s life. Please answer the questions by circling or striking the number 1 to 5. Thank you very much for your help.
","INSTRUCTIONS: This questionnaire will allow to your doctor to have a better understanding of the sleep-wake rhythm of your child and of any problems in his/her sleep behavior. Try to answer every question; in answering, consider each question as pertaining to the past 6 months of the child’s life. Please answer the questions by selecting the number 1 to 5.",,,You have observed the child sleepwalking,"1=Never, 2=Occasionally (once or twice per month or less), 3=Sometimes (once or twice per week), 4=Often (3 to 5 times per week), 5=Always (daily)",1,1,1,oo,5,,5,Sleep Disturbance Scale for Children
101,qr94,"INSTRUCTIONS: This questionnaire will allow to your doctor to have a better understanding of the sleep-wake rhythm of your child and of any problems in his/her sleep behavior. Try to answer every question; in answering, consider each question as pertaining to the past 6 months of the child’s life. Please answer the questions by circling or striking the number 1 to 5. Thank you very much for your help.
","INSTRUCTIONS: This questionnaire will allow to your doctor to have a better understanding of the sleep-wake rhythm of your child and of any problems in his/her sleep behavior. Try to answer every question; in answering, consider each question as pertaining to the past 6 months of the child’s life. Please answer the questions by selecting the number 1 to 5.",,,You have observed the child talking in his/her sleep,"1=Never, 2=Occasionally (once or twice per month or less), 3=Sometimes (once or twice per week), 4=Often (3 to 5 times per week), 5=Always (daily)",1,1,1,oo,5,,5,Sleep Disturbance Scale for Children
102,qr94,"INSTRUCTIONS: This questionnaire will allow to your doctor to have a better understanding of the sleep-wake rhythm of your child and of any problems in his/her sleep behavior. Try to answer every question; in answering, consider each question as pertaining to the past 6 months of the child’s life. Please answer the questions by circling or striking the number 1 to 5. Thank you very much for your help.
","INSTRUCTIONS: This questionnaire will allow to your doctor to have a better understanding of the sleep-wake rhythm of your child and of any problems in his/her sleep behavior. Try to answer every question; in answering, consider each question as pertaining to the past 6 months of the child’s life. Please answer the questions by selecting the number 1 to 5.",,,The child grinds teeth during sleep,"1=Never, 2=Occasionally (once or twice per month or less), 3=Sometimes (once or twice per week), 4=Often (3 to 5 times per week), 5=Always (daily)",1,1,1,oo,5,,5,Sleep Disturbance Scale for Children
103,qr94,"INSTRUCTIONS: This questionnaire will allow to your doctor to have a better understanding of the sleep-wake rhythm of your child and of any problems in his/her sleep behavior. Try to answer every question; in answering, consider each question as pertaining to the past 6 months of the child’s life. Please answer the questions by circling or striking the number 1 to 5. Thank you very much for your help.
","INSTRUCTIONS: This questionnaire will allow to your doctor to have a better understanding of the sleep-wake rhythm of your child and of any problems in his/her sleep behavior. Try to answer every question; in answering, consider each question as pertaining to the past 6 months of the child’s life. Please answer the questions by selecting the number 1 to 5.",,,"The child wakes from sleep screaming or confused so that you cannot seem to get through to him/her, but has no memory of these events the next morning","1=Never, 2=Occasionally (once or twice per month or less), 3=Sometimes (once or twice per week), 4=Often (3 to 5 times per week), 5=Always (daily)",1,1,1,oo,5,,5,Sleep Disturbance Scale for Children
104,qr94,"INSTRUCTIONS: This questionnaire will allow to your doctor to have a better understanding of the sleep-wake rhythm of your child and of any problems in his/her sleep behavior. Try to answer every question; in answering, consider each question as pertaining to the past 6 months of the child’s life. Please answer the questions by circling or striking the number 1 to 5. Thank you very much for your help.
","INSTRUCTIONS: This questionnaire will allow to your doctor to have a better understanding of the sleep-wake rhythm of your child and of any problems in his/her sleep behavior. Try to answer every question; in answering, consider each question as pertaining to the past 6 months of the child’s life. Please answer the questions by selecting the number 1 to 5.",,,The child has nightmares which he/she doesn’t remember the next day,"1=Never, 2=Occasionally (once or twice per month or less), 3=Sometimes (once or twice per week), 4=Often (3 to 5 times per week), 5=Always (daily)",1,1,1,oo,5,,5,Sleep Disturbance Scale for Children
105,qr94,"INSTRUCTIONS: This questionnaire will allow to your doctor to have a better understanding of the sleep-wake rhythm of your child and of any problems in his/her sleep behavior. Try to answer every question; in answering, consider each question as pertaining to the past 6 months of the child’s life. Please answer the questions by circling or striking the number 1 to 5. Thank you very much for your help.
","INSTRUCTIONS: This questionnaire will allow to your doctor to have a better understanding of the sleep-wake rhythm of your child and of any problems in his/her sleep behavior. Try to answer every question; in answering, consider each question as pertaining to the past 6 months of the child’s life. Please answer the questions by selecting the number 1 to 5.",,,The child is unusually difficult to wake up in the morning,"1=Never, 2=Occasionally (once or twice per month or less), 3=Sometimes (once or twice per week), 4=Often (3 to 5 times per week), 5=Always (daily)",1,1,1,oo,5,,5,Sleep Disturbance Scale for Children
106,qr94,"INSTRUCTIONS: This questionnaire will allow to your doctor to have a better understanding of the sleep-wake rhythm of your child and of any problems in his/her sleep behavior. Try to answer every question; in answering, consider each question as pertaining to the past 6 months of the child’s life. Please answer the questions by circling or striking the number 1 to 5. Thank you very much for your help.
","INSTRUCTIONS: This questionnaire will allow to your doctor to have a better understanding of the sleep-wake rhythm of your child and of any problems in his/her sleep behavior. Try to answer every question; in answering, consider each question as pertaining to the past 6 months of the child’s life. Please answer the questions by selecting the number 1 to 5.",,,The child awakes in the morning feeling tired,"1=Never, 2=Occasionally (once or twice per month or less), 3=Sometimes (once or twice per week), 4=Often (3 to 5 times per week), 5=Always (daily)",1,1,1,oo,5,,5,Sleep Disturbance Scale for Children
107,qr94,"INSTRUCTIONS: This questionnaire will allow to your doctor to have a better understanding of the sleep-wake rhythm of your child and of any problems in his/her sleep behavior. Try to answer every question; in answering, consider each question as pertaining to the past 6 months of the child’s life. Please answer the questions by circling or striking the number 1 to 5. Thank you very much for your help.
","INSTRUCTIONS: This questionnaire will allow to your doctor to have a better understanding of the sleep-wake rhythm of your child and of any problems in his/her sleep behavior. Try to answer every question; in answering, consider each question as pertaining to the past 6 months of the child’s life. Please answer the questions by selecting the number 1 to 5.",,,The child feels unable to move when waking up in the morning,"1=Never, 2=Occasionally (once or twice per month or less), 3=Sometimes (once or twice per week), 4=Often (3 to 5 times per week), 5=Always (daily)",1,1,1,oo,5,,5,Sleep Disturbance Scale for Children
108,qr94,"INSTRUCTIONS: This questionnaire will allow to your doctor to have a better understanding of the sleep-wake rhythm of your child and of any problems in his/her sleep behavior. Try to answer every question; in answering, consider each question as pertaining to the past 6 months of the child’s life. Please answer the questions by circling or striking the number 1 to 5. Thank you very much for your help.
","INSTRUCTIONS: This questionnaire will allow to your doctor to have a better understanding of the sleep-wake rhythm of your child and of any problems in his/her sleep behavior. Try to answer every question; in answering, consider each question as pertaining to the past 6 months of the child’s life. Please answer the questions by selecting the number 1 to 5.",,,The child experiences daytime somnolence,"1=Never, 2=Occasionally (once or twice per month or less), 3=Sometimes (once or twice per week), 4=Often (3 to 5 times per week), 5=Always (daily)",1,1,1,oo,5,,5,Sleep Disturbance Scale for Children
109,qr94,"INSTRUCTIONS: This questionnaire will allow to your doctor to have a better understanding of the sleep-wake rhythm of your child and of any problems in his/her sleep behavior. Try to answer every question; in answering, consider each question as pertaining to the past 6 months of the child’s life. Please answer the questions by circling or striking the number 1 to 5. Thank you very much for your help.
","INSTRUCTIONS: This questionnaire will allow to your doctor to have a better understanding of the sleep-wake rhythm of your child and of any problems in his/her sleep behavior. Try to answer every question; in answering, consider each question as pertaining to the past 6 months of the child’s life. Please answer the questions by selecting the number 1 to 5.",,,The child falls asleep suddenly in inappropriate situations,"1=Never, 2=Occasionally (once or twice per month or less), 3=Sometimes (once or twice per week), 4=Often (3 or 5 times per week), 5=Always (daily)",1,1,1,oo,5,,5,Sleep Disturbance Scale for Children
1,qr72,"We are trying to find out about your level of physical activity from the last 7 days (in the last
week). This includes sports or dance that make you sweat or make your legs feel tired, or games
that make you breathe hard, like tag, skipping, running, climbing, and others.
Remember:
1. There are no right and wrong answers — this is not a test.
2. Please answer all the questions as honestly and accurately as you can — this is very
important. ","We are trying to find out about your level of physical activity from the last 7 days (in the last
week). This includes sports or dance that make you sweat or make your legs feel tired, or games
that make you breathe hard, like tag, skipping, running, climbing, and others.
Remember:
1. There are no right and wrong answers — this is not a test.
2. Please answer all the questions as honestly and accurately as you can — this is very
important. ","Physical activity in your spare time. Have you done any of the following activities in the past 7 days (last week)? If yes, how many times? (Mark only one circle per row)","Physical activity in your spare time. Have you done any of the following activities in the past 7 days (last week)? If yes, how many times? (Select only one of the options.)",Skipping,"1=""No"", 2=""1-2"", 3=""3-4"", 4=""5-6"", 5=""7 times or more""",1,1,1,oo,oo,,,Physical Activity Questionnaire for Adolescents 
2,qr72,"We are trying to find out about your level of physical activity from the last 7 days (in the last
week). This includes sports or dance that make you sweat or make your legs feel tired, or games
that make you breathe hard, like tag, skipping, running, climbing, and others.
Remember:
1. There are no right and wrong answers — this is not a test.
2. Please answer all the questions as honestly and accurately as you can — this is very
important. ","We are trying to find out about your level of physical activity from the last 7 days (in the last
week). This includes sports or dance that make you sweat or make your legs feel tired, or games
that make you breathe hard, like tag, skipping, running, climbing, and others.
Remember:
1. There are no right and wrong answers — this is not a test.
2. Please answer all the questions as honestly and accurately as you can — this is very
important. ","Physical activity in your spare time. Have you done any of the following activities in the past 7 days (last week)? If yes, how many times? (Mark only one circle per row)","Physical activity in your spare time. Have you done any of the following activities in the past 7 days (last week)? If yes, how many times? (Select only one of the options.)",Rowing/canoeing,"1=""No"", 2=""1-2"", 3=""3-4"", 4=""5-6"", 5=""7 times or more""",1,1,1,oo,oo,,,Physical Activity Questionnaire for Adolescents 
3,qr72,"We are trying to find out about your level of physical activity from the last 7 days (in the last
week). This includes sports or dance that make you sweat or make your legs feel tired, or games
that make you breathe hard, like tag, skipping, running, climbing, and others.
Remember:
1. There are no right and wrong answers — this is not a test.
2. Please answer all the questions as honestly and accurately as you can — this is very
important. ","We are trying to find out about your level of physical activity from the last 7 days (in the last
week). This includes sports or dance that make you sweat or make your legs feel tired, or games
that make you breathe hard, like tag, skipping, running, climbing, and others.
Remember:
1. There are no right and wrong answers — this is not a test.
2. Please answer all the questions as honestly and accurately as you can — this is very
important. ","Physical activity in your spare time. Have you done any of the following activities in the past 7 days (last week)? If yes, how many times? (Mark only one circle per row)","Physical activity in your spare time. Have you done any of the following activities in the past 7 days (last week)? If yes, how many times? (Select only one of the options.)",In-line skating,"1=""No"", 2=""1-2"", 3=""3-4"", 4=""5-6"", 5=""7 times or more""",1,1,1,oo,oo,,,Physical Activity Questionnaire for Adolescents 
4,qr72,"We are trying to find out about your level of physical activity from the last 7 days (in the last
week). This includes sports or dance that make you sweat or make your legs feel tired, or games
that make you breathe hard, like tag, skipping, running, climbing, and others.
Remember:
1. There are no right and wrong answers — this is not a test.
2. Please answer all the questions as honestly and accurately as you can — this is very
important. ","We are trying to find out about your level of physical activity from the last 7 days (in the last
week). This includes sports or dance that make you sweat or make your legs feel tired, or games
that make you breathe hard, like tag, skipping, running, climbing, and others.
Remember:
1. There are no right and wrong answers — this is not a test.
2. Please answer all the questions as honestly and accurately as you can — this is very
important. ","Physical activity in your spare time. Have you done any of the following activities in the past 7 days (last week)? If yes, how many times? (Mark only one circle per row)","Physical activity in your spare time. Have you done any of the following activities in the past 7 days (last week)? If yes, how many times? (Select only one of the options.)",Tag,"1=""No"", 2=""1-2"", 3=""3-4"", 4=""5-6"", 5=""7 times or more""",1,1,1,oo,oo,,,Physical Activity Questionnaire for Adolescents 
5,qr72,"We are trying to find out about your level of physical activity from the last 7 days (in the last
week). This includes sports or dance that make you sweat or make your legs feel tired, or games
that make you breathe hard, like tag, skipping, running, climbing, and others.
Remember:
1. There are no right and wrong answers — this is not a test.
2. Please answer all the questions as honestly and accurately as you can — this is very
important. ","We are trying to find out about your level of physical activity from the last 7 days (in the last
week). This includes sports or dance that make you sweat or make your legs feel tired, or games
that make you breathe hard, like tag, skipping, running, climbing, and others.
Remember:
1. There are no right and wrong answers — this is not a test.
2. Please answer all the questions as honestly and accurately as you can — this is very
important. ","Physical activity in your spare time. Have you done any of the following activities in the past 7 days (last week)? If yes, how many times? (Mark only one circle per row)","Physical activity in your spare time. Have you done any of the following activities in the past 7 days (last week)? If yes, how many times? (Select only one of the options.)",Walking for exercise,"1=""No"", 2=""1-2"", 3=""3-4"", 4=""5-6"", 5=""7 times or more""",1,1,1,oo,oo,,,Physical Activity Questionnaire for Adolescents 
6,qr72,"We are trying to find out about your level of physical activity from the last 7 days (in the last
week). This includes sports or dance that make you sweat or make your legs feel tired, or games
that make you breathe hard, like tag, skipping, running, climbing, and others.
Remember:
1. There are no right and wrong answers — this is not a test.
2. Please answer all the questions as honestly and accurately as you can — this is very
important. ","We are trying to find out about your level of physical activity from the last 7 days (in the last
week). This includes sports or dance that make you sweat or make your legs feel tired, or games
that make you breathe hard, like tag, skipping, running, climbing, and others.
Remember:
1. There are no right and wrong answers — this is not a test.
2. Please answer all the questions as honestly and accurately as you can — this is very
important. ","Physical activity in your spare time. Have you done any of the following activities in the past 7 days (last week)? If yes, how many times? (Mark only one circle per row)","Physical activity in your spare time. Have you done any of the following activities in the past 7 days (last week)? If yes, how many times? (Select only one of the options.)",Bicycling,"1=""No"", 2=""1-2"", 3=""3-4"", 4=""5-6"", 5=""7 times or more""",1,1,1,oo,oo,,,Physical Activity Questionnaire for Adolescents 
7,qr72,"We are trying to find out about your level of physical activity from the last 7 days (in the last
week). This includes sports or dance that make you sweat or make your legs feel tired, or games
that make you breathe hard, like tag, skipping, running, climbing, and others.
Remember:
1. There are no right and wrong answers — this is not a test.
2. Please answer all the questions as honestly and accurately as you can — this is very
important. ","We are trying to find out about your level of physical activity from the last 7 days (in the last
week). This includes sports or dance that make you sweat or make your legs feel tired, or games
that make you breathe hard, like tag, skipping, running, climbing, and others.
Remember:
1. There are no right and wrong answers — this is not a test.
2. Please answer all the questions as honestly and accurately as you can — this is very
important. ","Physical activity in your spare time. Have you done any of the following activities in the past 7 days (last week)? If yes, how many times? (Mark only one circle per row)","Physical activity in your spare time. Have you done any of the following activities in the past 7 days (last week)? If yes, how many times? (Select only one of the options.)",Jogging or running,"1=""No"", 2=""1-2"", 3=""3-4"", 4=""5-6"", 5=""7 times or more""",1,1,1,oo,oo,,,Physical Activity Questionnaire for Adolescents 
8,qr72,"We are trying to find out about your level of physical activity from the last 7 days (in the last
week). This includes sports or dance that make you sweat or make your legs feel tired, or games
that make you breathe hard, like tag, skipping, running, climbing, and others.
Remember:
1. There are no right and wrong answers — this is not a test.
2. Please answer all the questions as honestly and accurately as you can — this is very
important. ","We are trying to find out about your level of physical activity from the last 7 days (in the last
week). This includes sports or dance that make you sweat or make your legs feel tired, or games
that make you breathe hard, like tag, skipping, running, climbing, and others.
Remember:
1. There are no right and wrong answers — this is not a test.
2. Please answer all the questions as honestly and accurately as you can — this is very
important. ","Physical activity in your spare time. Have you done any of the following activities in the past 7 days (last week)? If yes, how many times? (Mark only one circle per row)","Physical activity in your spare time. Have you done any of the following activities in the past 7 days (last week)? If yes, how many times? (Select only one of the options.)",Aerobics,"1=""No"", 2=""1-2"", 3=""3-4"", 4=""5-6"", 5=""7 times or more""",1,1,1,oo,oo,,,Physical Activity Questionnaire for Adolescents 
9,qr72,"We are trying to find out about your level of physical activity from the last 7 days (in the last
week). This includes sports or dance that make you sweat or make your legs feel tired, or games
that make you breathe hard, like tag, skipping, running, climbing, and others.
Remember:
1. There are no right and wrong answers — this is not a test.
2. Please answer all the questions as honestly and accurately as you can — this is very
important. ","We are trying to find out about your level of physical activity from the last 7 days (in the last
week). This includes sports or dance that make you sweat or make your legs feel tired, or games
that make you breathe hard, like tag, skipping, running, climbing, and others.
Remember:
1. There are no right and wrong answers — this is not a test.
2. Please answer all the questions as honestly and accurately as you can — this is very
important. ","Physical activity in your spare time. Have you done any of the following activities in the past 7 days (last week)? If yes, how many times? (Mark only one circle per row)","Physical activity in your spare time. Have you done any of the following activities in the past 7 days (last week)? If yes, how many times? (Select only one of the options.)",Swimming,"1=""No"", 2=""1-2"", 3=""3-4"", 4=""5-6"", 5=""7 times or more""",1,1,1,oo,oo,,,Physical Activity Questionnaire for Adolescents 
10,qr72,"We are trying to find out about your level of physical activity from the last 7 days (in the last
week). This includes sports or dance that make you sweat or make your legs feel tired, or games
that make you breathe hard, like tag, skipping, running, climbing, and others.
Remember:
1. There are no right and wrong answers — this is not a test.
2. Please answer all the questions as honestly and accurately as you can — this is very
important. ","We are trying to find out about your level of physical activity from the last 7 days (in the last
week). This includes sports or dance that make you sweat or make your legs feel tired, or games
that make you breathe hard, like tag, skipping, running, climbing, and others.
Remember:
1. There are no right and wrong answers — this is not a test.
2. Please answer all the questions as honestly and accurately as you can — this is very
important. ","Physical activity in your spare time. Have you done any of the following activities in the past 7 days (last week)? If yes, how many times? (Mark only one circle per row)","Physical activity in your spare time. Have you done any of the following activities in the past 7 days (last week)? If yes, how many times? (Select only one of the options.)","Baseball, softball","1=""No"", 2=""1-2"", 3=""3-4"", 4=""5-6"", 5=""7 times or more""",1,1,1,oo,oo,,,Physical Activity Questionnaire for Adolescents 
11,qr72,"We are trying to find out about your level of physical activity from the last 7 days (in the last
week). This includes sports or dance that make you sweat or make your legs feel tired, or games
that make you breathe hard, like tag, skipping, running, climbing, and others.
Remember:
1. There are no right and wrong answers — this is not a test.
2. Please answer all the questions as honestly and accurately as you can — this is very
important. ","We are trying to find out about your level of physical activity from the last 7 days (in the last
week). This includes sports or dance that make you sweat or make your legs feel tired, or games
that make you breathe hard, like tag, skipping, running, climbing, and others.
Remember:
1. There are no right and wrong answers — this is not a test.
2. Please answer all the questions as honestly and accurately as you can — this is very
important. ","Physical activity in your spare time. Have you done any of the following activities in the past 7 days (last week)? If yes, how many times? (Mark only one circle per row)","Physical activity in your spare time. Have you done any of the following activities in the past 7 days (last week)? If yes, how many times? (Select only one of the options.)",Dance,"1=""No"", 2=""1-2"", 3=""3-4"", 4=""5-6"", 5=""7 times or more""",1,1,1,oo,oo,,,Physical Activity Questionnaire for Adolescents 
12,qr72,"We are trying to find out about your level of physical activity from the last 7 days (in the last
week). This includes sports or dance that make you sweat or make your legs feel tired, or games
that make you breathe hard, like tag, skipping, running, climbing, and others.
Remember:
1. There are no right and wrong answers — this is not a test.
2. Please answer all the questions as honestly and accurately as you can — this is very
important. ","We are trying to find out about your level of physical activity from the last 7 days (in the last
week). This includes sports or dance that make you sweat or make your legs feel tired, or games
that make you breathe hard, like tag, skipping, running, climbing, and others.
Remember:
1. There are no right and wrong answers — this is not a test.
2. Please answer all the questions as honestly and accurately as you can — this is very
important. ","Physical activity in your spare time. Have you done any of the following activities in the past 7 days (last week)? If yes, how many times? (Mark only one circle per row)","Physical activity in your spare time. Have you done any of the following activities in the past 7 days (last week)? If yes, how many times? (Select only one of the options.)",Football,"1=""No"", 2=""1-2"", 3=""3-4"", 4=""5-6"", 5=""7 times or more""",1,1,1,oo,oo,,,Physical Activity Questionnaire for Adolescents 
13,qr72,"We are trying to find out about your level of physical activity from the last 7 days (in the last
week). This includes sports or dance that make you sweat or make your legs feel tired, or games
that make you breathe hard, like tag, skipping, running, climbing, and others.
Remember:
1. There are no right and wrong answers — this is not a test.
2. Please answer all the questions as honestly and accurately as you can — this is very
important. ","We are trying to find out about your level of physical activity from the last 7 days (in the last
week). This includes sports or dance that make you sweat or make your legs feel tired, or games
that make you breathe hard, like tag, skipping, running, climbing, and others.
Remember:
1. There are no right and wrong answers — this is not a test.
2. Please answer all the questions as honestly and accurately as you can — this is very
important. ","Physical activity in your spare time. Have you done any of the following activities in the past 7 days (last week)? If yes, how many times? (Mark only one circle per row)","Physical activity in your spare time. Have you done any of the following activities in the past 7 days (last week)? If yes, how many times? (Select only one of the options.)",Badminton,"1=""No"", 2=""1-2"", 3=""3-4"", 4=""5-6"", 5=""7 times or more""",1,1,1,oo,oo,,,Physical Activity Questionnaire for Adolescents 
14,qr72,"We are trying to find out about your level of physical activity from the last 7 days (in the last
week). This includes sports or dance that make you sweat or make your legs feel tired, or games
that make you breathe hard, like tag, skipping, running, climbing, and others.
Remember:
1. There are no right and wrong answers — this is not a test.
2. Please answer all the questions as honestly and accurately as you can — this is very
important. ","We are trying to find out about your level of physical activity from the last 7 days (in the last
week). This includes sports or dance that make you sweat or make your legs feel tired, or games
that make you breathe hard, like tag, skipping, running, climbing, and others.
Remember:
1. There are no right and wrong answers — this is not a test.
2. Please answer all the questions as honestly and accurately as you can — this is very
important. ","Physical activity in your spare time. Have you done any of the following activities in the past 7 days (last week)? If yes, how many times? (Mark only one circle per row)","Physical activity in your spare time. Have you done any of the following activities in the past 7 days (last week)? If yes, how many times? (Select only one of the options.)",Skateboarding,"1=""No"", 2=""1-2"", 3=""3-4"", 4=""5-6"", 5=""7 times or more""",1,1,1,oo,oo,,,Physical Activity Questionnaire for Adolescents 
15,qr72,"We are trying to find out about your level of physical activity from the last 7 days (in the last
week). This includes sports or dance that make you sweat or make your legs feel tired, or games
that make you breathe hard, like tag, skipping, running, climbing, and others.
Remember:
1. There are no right and wrong answers — this is not a test.
2. Please answer all the questions as honestly and accurately as you can — this is very
important. ","We are trying to find out about your level of physical activity from the last 7 days (in the last
week). This includes sports or dance that make you sweat or make your legs feel tired, or games
that make you breathe hard, like tag, skipping, running, climbing, and others.
Remember:
1. There are no right and wrong answers — this is not a test.
2. Please answer all the questions as honestly and accurately as you can — this is very
important. ","Physical activity in your spare time. Have you done any of the following activities in the past 7 days (last week)? If yes, how many times? (Mark only one circle per row)","Physical activity in your spare time. Have you done any of the following activities in the past 7 days (last week)? If yes, how many times? (Select only one of the options.)",Soccer,"1=""No"", 2=""1-2"", 3=""3-4"", 4=""5-6"", 5=""7 times or more""",1,1,1,oo,oo,,,Physical Activity Questionnaire for Adolescents 
16,qr72,"We are trying to find out about your level of physical activity from the last 7 days (in the last
week). This includes sports or dance that make you sweat or make your legs feel tired, or games
that make you breathe hard, like tag, skipping, running, climbing, and others.
Remember:
1. There are no right and wrong answers — this is not a test.
2. Please answer all the questions as honestly and accurately as you can — this is very
important. ","We are trying to find out about your level of physical activity from the last 7 days (in the last
week). This includes sports or dance that make you sweat or make your legs feel tired, or games
that make you breathe hard, like tag, skipping, running, climbing, and others.
Remember:
1. There are no right and wrong answers — this is not a test.
2. Please answer all the questions as honestly and accurately as you can — this is very
important. ","Physical activity in your spare time. Have you done any of the following activities in the past 7 days (last week)? If yes, how many times? (Mark only one circle per row)","Physical activity in your spare time. Have you done any of the following activities in the past 7 days (last week)? If yes, how many times? (Select only one of the options.)",Street hockey,"1=""No"", 2=""1-2"", 3=""3-4"", 4=""5-6"", 5=""7 times or more""",1,1,1,oo,oo,,,Physical Activity Questionnaire for Adolescents 
17,qr72,"We are trying to find out about your level of physical activity from the last 7 days (in the last
week). This includes sports or dance that make you sweat or make your legs feel tired, or games
that make you breathe hard, like tag, skipping, running, climbing, and others.
Remember:
1. There are no right and wrong answers — this is not a test.
2. Please answer all the questions as honestly and accurately as you can — this is very
important. ","We are trying to find out about your level of physical activity from the last 7 days (in the last
week). This includes sports or dance that make you sweat or make your legs feel tired, or games
that make you breathe hard, like tag, skipping, running, climbing, and others.
Remember:
1. There are no right and wrong answers — this is not a test.
2. Please answer all the questions as honestly and accurately as you can — this is very
important. ","Physical activity in your spare time. Have you done any of the following activities in the past 7 days (last week)? If yes, how many times? (Mark only one circle per row)","Physical activity in your spare time. Have you done any of the following activities in the past 7 days (last week)? If yes, how many times? (Select only one of the options.)",Volleyball,"1=""No"", 2=""1-2"", 3=""3-4"", 4=""5-6"", 5=""7 times or more""",1,1,1,oo,oo,,,Physical Activity Questionnaire for Adolescents 
18,qr72,"We are trying to find out about your level of physical activity from the last 7 days (in the last
week). This includes sports or dance that make you sweat or make your legs feel tired, or games
that make you breathe hard, like tag, skipping, running, climbing, and others.
Remember:
1. There are no right and wrong answers — this is not a test.
2. Please answer all the questions as honestly and accurately as you can — this is very
important. ","We are trying to find out about your level of physical activity from the last 7 days (in the last
week). This includes sports or dance that make you sweat or make your legs feel tired, or games
that make you breathe hard, like tag, skipping, running, climbing, and others.
Remember:
1. There are no right and wrong answers — this is not a test.
2. Please answer all the questions as honestly and accurately as you can — this is very
important. ","Physical activity in your spare time. Have you done any of the following activities in the past 7 days (last week)? If yes, how many times? (Mark only one circle per row)","Physical activity in your spare time. Have you done any of the following activities in the past 7 days (last week)? If yes, how many times? (Select only one of the options.)",Floor hockey,"1=""No"", 2=""1-2"", 3=""3-4"", 4=""5-6"", 5=""7 times or more""",1,1,1,oo,oo,,,Physical Activity Questionnaire for Adolescents 
19,qr72,"We are trying to find out about your level of physical activity from the last 7 days (in the last
week). This includes sports or dance that make you sweat or make your legs feel tired, or games
that make you breathe hard, like tag, skipping, running, climbing, and others.
Remember:
1. There are no right and wrong answers — this is not a test.
2. Please answer all the questions as honestly and accurately as you can — this is very
important. ","We are trying to find out about your level of physical activity from the last 7 days (in the last
week). This includes sports or dance that make you sweat or make your legs feel tired, or games
that make you breathe hard, like tag, skipping, running, climbing, and others.
Remember:
1. There are no right and wrong answers — this is not a test.
2. Please answer all the questions as honestly and accurately as you can — this is very
important. ","Physical activity in your spare time. Have you done any of the following activities in the past 7 days (last week)? If yes, how many times? (Mark only one circle per row)","Physical activity in your spare time. Have you done any of the following activities in the past 7 days (last week)? If yes, how many times? (Select only one of the options.)",Basketball,"1=""No"", 2=""1-2"", 3=""3-4"", 4=""5-6"", 5=""7 times or more""",1,1,1,oo,oo,,,Physical Activity Questionnaire for Adolescents 
20,qr72,"We are trying to find out about your level of physical activity from the last 7 days (in the last
week). This includes sports or dance that make you sweat or make your legs feel tired, or games
that make you breathe hard, like tag, skipping, running, climbing, and others.
Remember:
1. There are no right and wrong answers — this is not a test.
2. Please answer all the questions as honestly and accurately as you can — this is very
important. ","We are trying to find out about your level of physical activity from the last 7 days (in the last
week). This includes sports or dance that make you sweat or make your legs feel tired, or games
that make you breathe hard, like tag, skipping, running, climbing, and others.
Remember:
1. There are no right and wrong answers — this is not a test.
2. Please answer all the questions as honestly and accurately as you can — this is very
important. ","Physical activity in your spare time. Have you done any of the following activities in the past 7 days (last week)? If yes, how many times? (Mark only one circle per row)","Physical activity in your spare time. Have you done any of the following activities in the past 7 days (last week)? If yes, how many times? (Select only one of the options.)",Ice skating,"1=""No"", 2=""1-2"", 3=""3-4"", 4=""5-6"", 5=""7 times or more""",1,1,1,oo,oo,,,Physical Activity Questionnaire for Adolescents 
21,qr72,"We are trying to find out about your level of physical activity from the last 7 days (in the last
week). This includes sports or dance that make you sweat or make your legs feel tired, or games
that make you breathe hard, like tag, skipping, running, climbing, and others.
Remember:
1. There are no right and wrong answers — this is not a test.
2. Please answer all the questions as honestly and accurately as you can — this is very
important. ","We are trying to find out about your level of physical activity from the last 7 days (in the last
week). This includes sports or dance that make you sweat or make your legs feel tired, or games
that make you breathe hard, like tag, skipping, running, climbing, and others.
Remember:
1. There are no right and wrong answers — this is not a test.
2. Please answer all the questions as honestly and accurately as you can — this is very
important. ","Physical activity in your spare time. Have you done any of the following activities in the past 7 days (last week)? If yes, how many times? (Mark only one circle per row)","Physical activity in your spare time. Have you done any of the following activities in the past 7 days (last week)? If yes, how many times? (Select only one of the options.)",Cross-country skiing,"1=""No"", 2=""1-2"", 3=""3-4"", 4=""5-6"", 5=""7 times or more""",1,1,1,oo,oo,,,Physical Activity Questionnaire for Adolescents 
22,qr72,"We are trying to find out about your level of physical activity from the last 7 days (in the last
week). This includes sports or dance that make you sweat or make your legs feel tired, or games
that make you breathe hard, like tag, skipping, running, climbing, and others.
Remember:
1. There are no right and wrong answers — this is not a test.
2. Please answer all the questions as honestly and accurately as you can — this is very
important. ","We are trying to find out about your level of physical activity from the last 7 days (in the last
week). This includes sports or dance that make you sweat or make your legs feel tired, or games
that make you breathe hard, like tag, skipping, running, climbing, and others.
Remember:
1. There are no right and wrong answers — this is not a test.
2. Please answer all the questions as honestly and accurately as you can — this is very
important. ","Physical activity in your spare time. Have you done any of the following activities in the past 7 days (last week)? If yes, how many times? (Mark only one circle per row)","Physical activity in your spare time. Have you done any of the following activities in the past 7 days (last week)? If yes, how many times? (Select only one of the options.)",Ice hockey/ringette,"1=""No"", 2=""1-2"", 3=""3-4"", 4=""5-6"", 5=""7 times or more""",1,1,1,oo,oo,,,Physical Activity Questionnaire for Adolescents 
23,qr72,"We are trying to find out about your level of physical activity from the last 7 days (in the last
week). This includes sports or dance that make you sweat or make your legs feel tired, or games
that make you breathe hard, like tag, skipping, running, climbing, and others.
Remember:
1. There are no right and wrong answers — this is not a test.
2. Please answer all the questions as honestly and accurately as you can — this is very
important. ","We are trying to find out about your level of physical activity from the last 7 days (in the last
week). This includes sports or dance that make you sweat or make your legs feel tired, or games
that make you breathe hard, like tag, skipping, running, climbing, and others.
Remember:
1. There are no right and wrong answers — this is not a test.
2. Please answer all the questions as honestly and accurately as you can — this is very
important. ","Physical activity in your spare time. Have you done any of the following activities in the past 7 days (last week)? If yes, how many times? (Mark only one circle per row)","Physical activity in your spare time. Have you done any of the following activities in the past 7 days (last week)? If yes, how many times? (Select only one of the options.)",Name of other physical activity,,4,3,1,n/a,n/a,,,Physical Activity Questionnaire for Adolescents 
24,qr72,"We are trying to find out about your level of physical activity from the last 7 days (in the last
week). This includes sports or dance that make you sweat or make your legs feel tired, or games
that make you breathe hard, like tag, skipping, running, climbing, and others.
Remember:
1. There are no right and wrong answers — this is not a test.
2. Please answer all the questions as honestly and accurately as you can — this is very
important. ","We are trying to find out about your level of physical activity from the last 7 days (in the last
week). This includes sports or dance that make you sweat or make your legs feel tired, or games
that make you breathe hard, like tag, skipping, running, climbing, and others.
Remember:
1. There are no right and wrong answers — this is not a test.
2. Please answer all the questions as honestly and accurately as you can — this is very
important. ","Physical activity in your spare time. Have you done any of the following activities in the past 7 days (last week)? If yes, how many times? (Mark only one circle per row)","Physical activity in your spare time. Have you done any of the following activities in the past 7 days (last week)? If yes, how many times? (Select only one of the options.)",Frequency of other physical activity,"1=""No"", 2=""1-2"", 3=""3-4"", 4=""5-6"", 5=""7 times or more""",1,1,1,oo,oo,,,Physical Activity Questionnaire for Adolescents 
25,qr72,"We are trying to find out about your level of physical activity from the last 7 days (in the last
week). This includes sports or dance that make you sweat or make your legs feel tired, or games
that make you breathe hard, like tag, skipping, running, climbing, and others.
Remember:
1. There are no right and wrong answers — this is not a test.
2. Please answer all the questions as honestly and accurately as you can — this is very
important. ","We are trying to find out about your level of physical activity from the last 7 days (in the last
week). This includes sports or dance that make you sweat or make your legs feel tired, or games
that make you breathe hard, like tag, skipping, running, climbing, and others.
Remember:
1. There are no right and wrong answers — this is not a test.
2. Please answer all the questions as honestly and accurately as you can — this is very
important. ","Physical activity in your spare time. Have you done any of the following activities in the past 7 days (last week)? If yes, how many times? (Mark only one circle per row)","Physical activity in your spare time. Have you done any of the following activities in the past 7 days (last week)? If yes, how many times? (Select only one of the options.)",Name of other physical activity,,4,3,N/A,n/a,n/a,,,Physical Activity Questionnaire for Adolescents 
26,qr72,"We are trying to find out about your level of physical activity from the last 7 days (in the last
week). This includes sports or dance that make you sweat or make your legs feel tired, or games
that make you breathe hard, like tag, skipping, running, climbing, and others.
Remember:
1. There are no right and wrong answers — this is not a test.
2. Please answer all the questions as honestly and accurately as you can — this is very
important. ","We are trying to find out about your level of physical activity from the last 7 days (in the last
week). This includes sports or dance that make you sweat or make your legs feel tired, or games
that make you breathe hard, like tag, skipping, running, climbing, and others.
Remember:
1. There are no right and wrong answers — this is not a test.
2. Please answer all the questions as honestly and accurately as you can — this is very
important. ","Physical activity in your spare time. Have you done any of the following activities in the past 7 days (last week)? If yes, how many times? (Mark only one circle per row)","Physical activity in your spare time. Have you done any of the following activities in the past 7 days (last week)? If yes, how many times? (Select only one of the options.)",Frequency of other physical activity,"1=""No"", 2=""1-2"", 3=""3-4"", 4=""5-6"", 5=""7 times or more""",1,1,1,oo,oo,,,Physical Activity Questionnaire for Adolescents 
27,qr72,"We are trying to find out about your level of physical activity from the last 7 days (in the last
week). This includes sports or dance that make you sweat or make your legs feel tired, or games
that make you breathe hard, like tag, skipping, running, climbing, and others.
Remember:
1. There are no right and wrong answers — this is not a test.
2. Please answer all the questions as honestly and accurately as you can — this is very
important. ","We are trying to find out about your level of physical activity from the last 7 days (in the last
week). This includes sports or dance that make you sweat or make your legs feel tired, or games
that make you breathe hard, like tag, skipping, running, climbing, and others.
Remember:
1. There are no right and wrong answers — this is not a test.
2. Please answer all the questions as honestly and accurately as you can — this is very
important. ",,,"In the last 7 days, during your physical education (PE) classes, how often were you very active (playing hard, running, jumping, throwing)? (Check one only.)","1=""I don't do PE"", 2=""Hardly ever"", 3=""Sometimes"", 4=""Quite often"", 5=""Always""",1,1,1,2,5,,,Physical Activity Questionnaire for Adolescents 
28,qr72,"We are trying to find out about your level of physical activity from the last 7 days (in the last
week). This includes sports or dance that make you sweat or make your legs feel tired, or games
that make you breathe hard, like tag, skipping, running, climbing, and others.
Remember:
1. There are no right and wrong answers — this is not a test.
2. Please answer all the questions as honestly and accurately as you can — this is very
important. ","We are trying to find out about your level of physical activity from the last 7 days (in the last
week). This includes sports or dance that make you sweat or make your legs feel tired, or games
that make you breathe hard, like tag, skipping, running, climbing, and others.
Remember:
1. There are no right and wrong answers — this is not a test.
2. Please answer all the questions as honestly and accurately as you can — this is very
important. ",,,"In the last 7 days, what did you do most of the time at recess? (Check one only.) ","1=""Sat down (talking, reading, doing schoolwork)"",
2=""Stood around or walked around"",
3=""Ran or played a little bit"",
4=""Ran around and played quite a bit"",
5=""Ran and played hard most of the time""",1,1,1,n/a,n/a,,,Physical Activity Questionnaire for Adolescents 
29,qr72,"We are trying to find out about your level of physical activity from the last 7 days (in the last
week). This includes sports or dance that make you sweat or make your legs feel tired, or games
that make you breathe hard, like tag, skipping, running, climbing, and others.
Remember:
1. There are no right and wrong answers — this is not a test.
2. Please answer all the questions as honestly and accurately as you can — this is very
important. ","We are trying to find out about your level of physical activity from the last 7 days (in the last
week). This includes sports or dance that make you sweat or make your legs feel tired, or games
that make you breathe hard, like tag, skipping, running, climbing, and others.
Remember:
1. There are no right and wrong answers — this is not a test.
2. Please answer all the questions as honestly and accurately as you can — this is very
important. ",,,"In the last 7 days, what did you normally do at lunch (besides eating lunch)? (Check one only.) ","1=""Sat down (talking, reading, doing schoolwork)"",
2=""Stood around or walked around"",
3=""Ran or played a little bit"",
4=""Ran around and played quite a bit"",
5=""Ran and played hard most of the time""",1,1,1,n/a,n/a,,,Physical Activity Questionnaire for Adolescents 
30,qr72,"We are trying to find out about your level of physical activity from the last 7 days (in the last
week). This includes sports or dance that make you sweat or make your legs feel tired, or games
that make you breathe hard, like tag, skipping, running, climbing, and others.
Remember:
1. There are no right and wrong answers — this is not a test.
2. Please answer all the questions as honestly and accurately as you can — this is very
important. ","We are trying to find out about your level of physical activity from the last 7 days (in the last
week). This includes sports or dance that make you sweat or make your legs feel tired, or games
that make you breathe hard, like tag, skipping, running, climbing, and others.
Remember:
1. There are no right and wrong answers — this is not a test.
2. Please answer all the questions as honestly and accurately as you can — this is very
important. ",,,"In the last 7 days, on how many days right after school, did you do sports, dance, or play games in which you were very active? (Check one only.) ","1=None,
2=1 time last week,
3=2 or 3 times last week,
4=4 times last week,
5=5 times last week",1,1,1,1,oo,,,Physical Activity Questionnaire for Adolescents 
31,qr72,"We are trying to find out about your level of physical activity from the last 7 days (in the last
week). This includes sports or dance that make you sweat or make your legs feel tired, or games
that make you breathe hard, like tag, skipping, running, climbing, and others.
Remember:
1. There are no right and wrong answers — this is not a test.
2. Please answer all the questions as honestly and accurately as you can — this is very
important. ","We are trying to find out about your level of physical activity from the last 7 days (in the last
week). This includes sports or dance that make you sweat or make your legs feel tired, or games
that make you breathe hard, like tag, skipping, running, climbing, and others.
Remember:
1. There are no right and wrong answers — this is not a test.
2. Please answer all the questions as honestly and accurately as you can — this is very
important. ",,,"In the last 7 days, on how many evenings did you do sports, dance, or play games in which you were very active? (Check one only.)","1=None
2=1 time last week
3=2 or 3 times last week
4=4 or 5 times last week
5=6 or 7 times last week",1,1,1,1,oo,,,Physical Activity Questionnaire for Adolescents 
32,qr72,"We are trying to find out about your level of physical activity from the last 7 days (in the last
week). This includes sports or dance that make you sweat or make your legs feel tired, or games
that make you breathe hard, like tag, skipping, running, climbing, and others.
Remember:
1. There are no right and wrong answers — this is not a test.
2. Please answer all the questions as honestly and accurately as you can — this is very
important. ","We are trying to find out about your level of physical activity from the last 7 days (in the last
week). This includes sports or dance that make you sweat or make your legs feel tired, or games
that make you breathe hard, like tag, skipping, running, climbing, and others.
Remember:
1. There are no right and wrong answers — this is not a test.
2. Please answer all the questions as honestly and accurately as you can — this is very
important. ",,,"On the last weekend, how many times did you do sports, dance, or play games in which you were very active? (Check one only.) ","1=None,
2=1 time,
3=2 or 3 times,
4=4 or 5 times,
5=6 or more times",1,1,1,1,oo,,,Physical Activity Questionnaire for Adolescents 
33,qr72,"We are trying to find out about your level of physical activity from the last 7 days (in the last
week). This includes sports or dance that make you sweat or make your legs feel tired, or games
that make you breathe hard, like tag, skipping, running, climbing, and others.
Remember:
1. There are no right and wrong answers — this is not a test.
2. Please answer all the questions as honestly and accurately as you can — this is very
important. ","We are trying to find out about your level of physical activity from the last 7 days (in the last
week). This includes sports or dance that make you sweat or make your legs feel tired, or games
that make you breathe hard, like tag, skipping, running, climbing, and others.
Remember:
1. There are no right and wrong answers — this is not a test.
2. Please answer all the questions as honestly and accurately as you can — this is very
important. ",,,Which one of the following describes you best for the last 7 days?  Read all 5 statements before deciding on the one answer that describes you.,"1= ""All or most of my free time was spent doing things that involve little physical effort"",
2=""I sometimes (1-2 times last week) did physical things in my free time (e.g. played sports, went running, swimming, bike riding, did aerobics)"",
3=""I often (3-4 times last week) did physical things in my free time"",
4=""I quite often (5-6 times last week) did physical things in my free time"",
5=""I very often (7 or more times last week) did physical things in my free time""",1,1,1,oo,oo,,,Physical Activity Questionnaire for Adolescents 
34,qr72,"We are trying to find out about your level of physical activity from the last 7 days (in the last
week). This includes sports or dance that make you sweat or make your legs feel tired, or games
that make you breathe hard, like tag, skipping, running, climbing, and others.
Remember:
1. There are no right and wrong answers — this is not a test.
2. Please answer all the questions as honestly and accurately as you can — this is very
important. ","We are trying to find out about your level of physical activity from the last 7 days (in the last
week). This includes sports or dance that make you sweat or make your legs feel tired, or games
that make you breathe hard, like tag, skipping, running, climbing, and others.
Remember:
1. There are no right and wrong answers — this is not a test.
2. Please answer all the questions as honestly and accurately as you can — this is very
important. ","Mark how often you did physical activity (like playing sports, games, doing dance, or any other physical activity) for each day last week.","Select how often you did physical activity (like playing sports, games, doing dance, or any other physical activity) for each day last week.",Monday,"1=None, 2=Little Bit, 3=Medium, 4=Often, 5=Very Often",1,1,1,1,oo,,,Physical Activity Questionnaire for Adolescents 
35,qr72,"We are trying to find out about your level of physical activity from the last 7 days (in the last
week). This includes sports or dance that make you sweat or make your legs feel tired, or games
that make you breathe hard, like tag, skipping, running, climbing, and others.
Remember:
1. There are no right and wrong answers — this is not a test.
2. Please answer all the questions as honestly and accurately as you can — this is very
important. ","We are trying to find out about your level of physical activity from the last 7 days (in the last
week). This includes sports or dance that make you sweat or make your legs feel tired, or games
that make you breathe hard, like tag, skipping, running, climbing, and others.
Remember:
1. There are no right and wrong answers — this is not a test.
2. Please answer all the questions as honestly and accurately as you can — this is very
important. ","Mark how often you did physical activity (like playing sports, games, doing dance, or any other physical activity) for each day last week.","Select how often you did physical activity (like playing sports, games, doing dance, or any other physical activity) for each day last week.",Tuesday,"1=None, 2=Little Bit, 3=Medium, 4=Often, 5=Very Often",1,1,1,1,oo,,,Physical Activity Questionnaire for Adolescents 
36,qr72,"We are trying to find out about your level of physical activity from the last 7 days (in the last
week). This includes sports or dance that make you sweat or make your legs feel tired, or games
that make you breathe hard, like tag, skipping, running, climbing, and others.
Remember:
1. There are no right and wrong answers — this is not a test.
2. Please answer all the questions as honestly and accurately as you can — this is very
important. ","We are trying to find out about your level of physical activity from the last 7 days (in the last
week). This includes sports or dance that make you sweat or make your legs feel tired, or games
that make you breathe hard, like tag, skipping, running, climbing, and others.
Remember:
1. There are no right and wrong answers — this is not a test.
2. Please answer all the questions as honestly and accurately as you can — this is very
important. ","Mark how often you did physical activity (like playing sports, games, doing dance, or any other physical activity) for each day last week.","Select how often you did physical activity (like playing sports, games, doing dance, or any other physical activity) for each day last week.",Wednesday,"1=None, 2=Little Bit, 3=Medium, 4=Often, 5=Very Often",1,1,1,1,oo,,,Physical Activity Questionnaire for Adolescents 
37,qr72,"We are trying to find out about your level of physical activity from the last 7 days (in the last
week). This includes sports or dance that make you sweat or make your legs feel tired, or games
that make you breathe hard, like tag, skipping, running, climbing, and others.
Remember:
1. There are no right and wrong answers — this is not a test.
2. Please answer all the questions as honestly and accurately as you can — this is very
important. ","We are trying to find out about your level of physical activity from the last 7 days (in the last
week). This includes sports or dance that make you sweat or make your legs feel tired, or games
that make you breathe hard, like tag, skipping, running, climbing, and others.
Remember:
1. There are no right and wrong answers — this is not a test.
2. Please answer all the questions as honestly and accurately as you can — this is very
important. ","Mark how often you did physical activity (like playing sports, games, doing dance, or any other physical activity) for each day last week.","Select how often you did physical activity (like playing sports, games, doing dance, or any other physical activity) for each day last week.",Thursday,"1=None, 2=Little Bit, 3=Medium, 4=Often, 5=Very Often",1,1,1,1,oo,,,Physical Activity Questionnaire for Adolescents 
38,qr72,"We are trying to find out about your level of physical activity from the last 7 days (in the last
week). This includes sports or dance that make you sweat or make your legs feel tired, or games
that make you breathe hard, like tag, skipping, running, climbing, and others.
Remember:
1. There are no right and wrong answers — this is not a test.
2. Please answer all the questions as honestly and accurately as you can — this is very
important. ","We are trying to find out about your level of physical activity from the last 7 days (in the last
week). This includes sports or dance that make you sweat or make your legs feel tired, or games
that make you breathe hard, like tag, skipping, running, climbing, and others.
Remember:
1. There are no right and wrong answers — this is not a test.
2. Please answer all the questions as honestly and accurately as you can — this is very
important. ","Mark how often you did physical activity (like playing sports, games, doing dance, or any other physical activity) for each day last week.","Select how often you did physical activity (like playing sports, games, doing dance, or any other physical activity) for each day last week.",Friday,"1=None, 2=Little Bit, 3=Medium, 4=Often, 5=Very Often",1,1,1,1,oo,,,Physical Activity Questionnaire for Adolescents 
39,qr72,"We are trying to find out about your level of physical activity from the last 7 days (in the last
week). This includes sports or dance that make you sweat or make your legs feel tired, or games
that make you breathe hard, like tag, skipping, running, climbing, and others.
Remember:
1. There are no right and wrong answers — this is not a test.
2. Please answer all the questions as honestly and accurately as you can — this is very
important. ","We are trying to find out about your level of physical activity from the last 7 days (in the last
week). This includes sports or dance that make you sweat or make your legs feel tired, or games
that make you breathe hard, like tag, skipping, running, climbing, and others.
Remember:
1. There are no right and wrong answers — this is not a test.
2. Please answer all the questions as honestly and accurately as you can — this is very
important. ","Mark how often you did physical activity (like playing sports, games, doing dance, or any other physical activity) for each day last week.","Select how often you did physical activity (like playing sports, games, doing dance, or any other physical activity) for each day last week.",Saturday,"1=None, 2=Little Bit, 3=Medium, 4=Often, 5=Very Often",1,1,1,1,oo,,,Physical Activity Questionnaire for Adolescents 
40,qr72,"We are trying to find out about your level of physical activity from the last 7 days (in the last
week). This includes sports or dance that make you sweat or make your legs feel tired, or games
that make you breathe hard, like tag, skipping, running, climbing, and others.
Remember:
1. There are no right and wrong answers — this is not a test.
2. Please answer all the questions as honestly and accurately as you can — this is very
important. ","We are trying to find out about your level of physical activity from the last 7 days (in the last
week). This includes sports or dance that make you sweat or make your legs feel tired, or games
that make you breathe hard, like tag, skipping, running, climbing, and others.
Remember:
1. There are no right and wrong answers — this is not a test.
2. Please answer all the questions as honestly and accurately as you can — this is very
important. ","Mark how often you did physical activity (like playing sports, games, doing dance, or any other physical activity) for each day last week.","Select how often you did physical activity (like playing sports, games, doing dance, or any other physical activity) for each day last week.",Sunday,"1=None, 2=Little Bit, 3=Medium, 4=Often, 5=Very Often",1,1,1,1,oo,,,Physical Activity Questionnaire for Adolescents 
41,qr72,"We are trying to find out about your level of physical activity from the last 7 days (in the last
week). This includes sports or dance that make you sweat or make your legs feel tired, or games
that make you breathe hard, like tag, skipping, running, climbing, and others.
Remember:
1. There are no right and wrong answers — this is not a test.
2. Please answer all the questions as honestly and accurately as you can — this is very
important. ","We are trying to find out about your level of physical activity from the last 7 days (in the last
week). This includes sports or dance that make you sweat or make your legs feel tired, or games
that make you breathe hard, like tag, skipping, running, climbing, and others.
Remember:
1. There are no right and wrong answers — this is not a test.
2. Please answer all the questions as honestly and accurately as you can — this is very
important. ",,,"Were you sick last week, or did anything prevent you from doing your normal physical activities? (Check one.)","0=No, 1=Yes",1,2,1,n/a,n/a,,,Physical Activity Questionnaire for Adolescents 
42,qr72,"We are trying to find out about your level of physical activity from the last 7 days (in the last
week). This includes sports or dance that make you sweat or make your legs feel tired, or games
that make you breathe hard, like tag, skipping, running, climbing, and others.
Remember:
1. There are no right and wrong answers — this is not a test.
2. Please answer all the questions as honestly and accurately as you can — this is very
important. ","We are trying to find out about your level of physical activity from the last 7 days (in the last
week). This includes sports or dance that make you sweat or make your legs feel tired, or games
that make you breathe hard, like tag, skipping, running, climbing, and others.
Remember:
1. There are no right and wrong answers — this is not a test.
2. Please answer all the questions as honestly and accurately as you can — this is very
important. ",,,"If Yes, what prevented you?",,4,3,N/A,n/a,n/a,,,Physical Activity Questionnaire for Adolescents 