Variable / Field Name,Form Name,Section Header,Unnamed: 3,Item Header,Unnamed: 5,Field Label,"Choices, Calculations, OR Slider Labels",Field Type,Unnamed: 9,Unnamed: 10,Text Validation Min,Text Validation Max,Unnamed: 13,Unnamed: 14,Form Display Name
2924,qr161,Following,,,,Acts too young for his/her age,"0=Not True (as far as you know), 1=Somewhat or Sometimes True, 2=Very True or Often True",1,,,,,,,CBCL for Ages 6-18 - Parent Report Form
2925,qr161,Following,,,,Drinks alcohol without parent's approval (describe):,"0=Not True (as far as you know), 1=Somewhat or Sometimes True, 2=Very True or Often True",1,,,,,,,CBCL for Ages 6-18 - Parent Report Form
2926,qr161,Following,,,,Argues a lot,"0=Not True (as far as you know), 1=Somewhat or Sometimes True, 2=Very True or Often True",1,,,,,,,CBCL for Ages 6-18 - Parent Report Form
2927,qr161,Following,,,,Fails to finish things he/she starts,"0=Not True (as far as you know), 1=Somewhat or Sometimes True, 2=Very True or Often True",1,,,,,,,CBCL for Ages 6-18 - Parent Report Form
2928,qr161,Following,,,,There is very little that he/she enjoys,"0=Not True (as far as you know), 1=Somewhat or Sometimes True, 2=Very True or Often True",1,,,,,,,CBCL for Ages 6-18 - Parent Report Form
2929,qr161,Following,,,,Bowel movements outside toilet,"0=Not True (as far as you know), 1=Somewhat or Sometimes True, 2=Very True or Often True",1,,,,,,,CBCL for Ages 6-18 - Parent Report Form
2930,qr161,Following,,,,"Bragging, boasting","0=Not True (as far as you know), 1=Somewhat or Sometimes True, 2=Very True or Often True",1,,,,,,,CBCL for Ages 6-18 - Parent Report Form
2931,qr161,Following,,,,"Can't concentrate, can't pay attention for long","0=Not True (as far as you know), 1=Somewhat or Sometimes True, 2=Very True or Often True",1,,,,,,,CBCL for Ages 6-18 - Parent Report Form
2932,qr161,Following,,,,Can't get his/her mind off certain thoughts; obsessions (describe),"0=Not True (as far as you know), 1=Somewhat or Sometimes True, 2=Very True or Often True",1,,,,,,,CBCL for Ages 6-18 - Parent Report Form
2933,qr161,Following,,,,"Can't sit still, restless or hyperactive","0=Not True (as far as you know), 1=Somewhat or Sometimes True, 2=Very True or Often True",1,,,,,,,CBCL for Ages 6-18 - Parent Report Form
2934,qr161,Following,,,,Clings to adults or too dependent,"0=Not True (as far as you know), 1=Somewhat or Sometimes True, 2=Very True or Often True",1,,,,,,,CBCL for Ages 6-18 - Parent Report Form
2935,qr161,Following,,,,Complains of loneliness,"0=Not True (as far as you know), 1=Somewhat or Sometimes True, 2=Very True or Often True",1,,,,,,,CBCL for Ages 6-18 - Parent Report Form
2936,qr161,Following,,,,Confused or seems to be in a fog,"0=Not True (as far as you know), 1=Somewhat or Sometimes True, 2=Very True or Often True",1,,,,,,,CBCL for Ages 6-18 - Parent Report Form
2937,qr161,Following,,,,Cries a lot,"0=Not True (as far as you know), 1=Somewhat or Sometimes True, 2=Very True or Often True",1,,,,,,,CBCL for Ages 6-18 - Parent Report Form
2938,qr161,Following,,,,Cruel to animals,"0=Not True (as far as you know), 1=Somewhat or Sometimes True, 2=Very True or Often True",1,,,,,,,CBCL for Ages 6-18 - Parent Report Form
2939,qr161,Following,,,,"Cruelty, bullying, or meanness to others","0=Not True (as far as you know), 1=Somewhat or Sometimes True, 2=Very True or Often True",1,,,,,,,CBCL for Ages 6-18 - Parent Report Form
2940,qr161,Following,,,,Daydreams or gets lost in his/her thoughts,"0=Not True (as far as you know), 1=Somewhat or Sometimes True, 2=Very True or Often True",1,,,,,,,CBCL for Ages 6-18 - Parent Report Form
2941,qr161,Following,,,,Deliberately harms self or attempts suicide,"0=Not True (as far as you know), 1=Somewhat or Sometimes True, 2=Very True or Often True",1,,,,,,,CBCL for Ages 6-18 - Parent Report Form
2942,qr161,Following,,,,Demands a lot of attention,"0=Not True (as far as you know), 1=Somewhat or Sometimes True, 2=Very True or Often True",1,,,,,,,CBCL for Ages 6-18 - Parent Report Form
2943,qr161,Following,,,,Destroys his/her own things,"0=Not True (as far as you know), 1=Somewhat or Sometimes True, 2=Very True or Often True",1,,,,,,,CBCL for Ages 6-18 - Parent Report Form
2944,qr161,Following,,,,Destroys property belonging to others,"0=Not True (as far as you know), 1=Somewhat or Sometimes True, 2=Very True or Often True",1,,,,,,,CBCL for Ages 6-18 - Parent Report Form
2945,qr161,Following,,,,Disobedient at home,"0=Not True (as far as you know), 1=Somewhat or Sometimes True, 2=Very True or Often True",1,,,,,,,CBCL for Ages 6-18 - Parent Report Form
2946,qr161,Following,,,,Disobedient at school,"0=Not True (as far as you know), 1=Somewhat or Sometimes True, 2=Very True or Often True",1,,,,,,,CBCL for Ages 6-18 - Parent Report Form
2947,qr161,Following,,,,Doesn't eat well,"0=Not True (as far as you know), 1=Somewhat or Sometimes True, 2=Very True or Often True",1,,,,,,,CBCL for Ages 6-18 - Parent Report Form
2948,qr161,Following,,,,Doesn't get along with other kids,"0=Not True (as far as you know), 1=Somewhat or Sometimes True, 2=Very True or Often True",1,,,,,,,CBCL for Ages 6-18 - Parent Report Form
2949,qr161,Following,,,,Doesn't seem to feel guilty after misbehaving,"0=Not True (as far as you know), 1=Somewhat or Sometimes True, 2=Very True or Often True",1,,,,,,,CBCL for Ages 6-18 - Parent Report Form
2950,qr161,Following,,,,Easily jealous,"0=Not True (as far as you know), 1=Somewhat or Sometimes True, 2=Very True or Often True",1,,,,,,,CBCL for Ages 6-18 - Parent Report Form
2951,qr161,Following,,,,"Breaks rules at home, school, or elsewhere","0=Not True (as far as you know), 1=Somewhat or Sometimes True, 2=Very True or Often True",1,,,,,,,CBCL for Ages 6-18 - Parent Report Form
2952,qr161,Following,,,,"Fears certain animals, situations, or places other than school (describe)","0=Not True (as far as you know), 1=Somewhat or Sometimes True, 2=Very True or Often True",1,,,,,,,CBCL for Ages 6-18 - Parent Report Form
2953,qr161,Following,,,,Fears going to school,"0=Not True (as far as you know), 1=Somewhat or Sometimes True, 2=Very True or Often True",1,,,,,,,CBCL for Ages 6-18 - Parent Report Form
2954,qr161,Following,,,,Fears he/she might think or do something bad,"0=Not True (as far as you know), 1=Somewhat or Sometimes True, 2=Very True or Often True",1,,,,,,,CBCL for Ages 6-18 - Parent Report Form
2955,qr161,Following,,,,Feels he/she has to be perfect,"0=Not True (as far as you know), 1=Somewhat or Sometimes True, 2=Very True or Often True",1,,,,,,,CBCL for Ages 6-18 - Parent Report Form
2956,qr161,Following,,,,Feels or complains that no one loves him/her,"0=Not True (as far as you know), 1=Somewhat or Sometimes True, 2=Very True or Often True",1,,,,,,,CBCL for Ages 6-18 - Parent Report Form
2957,qr161,Following,,,,Feels others are out to get him/her,"0=Not True (as far as you know), 1=Somewhat or Sometimes True, 2=Very True or Often True",1,,,,,,,CBCL for Ages 6-18 - Parent Report Form
2958,qr161,Following,,,,Feels worthless or inferior,"0=Not True (as far as you know), 1=Somewhat or Sometimes True, 2=Very True or Often True",1,,,,,,,CBCL for Ages 6-18 - Parent Report Form
2959,qr161,Following,,,,"Gets hurt a lot, accident prone","0=Not True (as far as you know), 1=Somewhat or Sometimes True, 2=Very True or Often True",1,,,,,,,CBCL for Ages 6-18 - Parent Report Form
2960,qr161,Following,,,,Gets in many fights,"0=Not True (as far as you know), 1=Somewhat or Sometimes True, 2=Very True or Often True",1,,,,,,,CBCL for Ages 6-18 - Parent Report Form
2961,qr161,Following,,,,Gets teased a lot,"0=Not True (as far as you know), 1=Somewhat or Sometimes True, 2=Very True or Often True",1,,,,,,,CBCL for Ages 6-18 - Parent Report Form
2962,qr161,Following,,,,Hangs around with others who get in trouble,"0=Not True (as far as you know), 1=Somewhat or Sometimes True, 2=Very True or Often True",1,,,,,,,CBCL for Ages 6-18 - Parent Report Form
2963,qr161,Following,,,,Hears sounds or voices that aren't there (describe):,"0=Not True (as far as you know), 1=Somewhat or Sometimes True, 2=Very True or Often True",1,,,,,,,CBCL for Ages 6-18 - Parent Report Form
2964,qr161,Following,,,,Impulsive or acts without thinking,"0=Not True (as far as you know), 1=Somewhat or Sometimes True, 2=Very True or Often True",1,,,,,,,CBCL for Ages 6-18 - Parent Report Form
2965,qr161,Following,,,,Would rather be alone than with others,"0=Not True (as far as you know), 1=Somewhat or Sometimes True, 2=Very True or Often True",1,,,,,,,CBCL for Ages 6-18 - Parent Report Form
2966,qr161,Following,,,,Lying or cheating,"0=Not True (as far as you know), 1=Somewhat or Sometimes True, 2=Very True or Often True",1,,,,,,,CBCL for Ages 6-18 - Parent Report Form
2967,qr161,Following,,,,Bites fingernails,"0=Not True (as far as you know), 1=Somewhat or Sometimes True, 2=Very True or Often True",1,,,,,,,CBCL for Ages 6-18 - Parent Report Form
2968,qr161,Following,,,,"Nervous, high-strung; or tense","0=Not True (as far as you know), 1=Somewhat or Sometimes True, 2=Very True or Often True",1,,,,,,,CBCL for Ages 6-18 - Parent Report Form
2969,qr161,Following,,,,Nervous movements or twitching (describe):,"0=Not True (as far as you know), 1=Somewhat or Sometimes True, 2=Very True or Often True",1,,,,,,,CBCL for Ages 6-18 - Parent Report Form
2970,qr161,Following,,,,Nightmares,"0=Not True (as far as you know), 1=Somewhat or Sometimes True, 2=Very True or Often True",1,,,,,,,CBCL for Ages 6-18 - Parent Report Form
2971,qr161,Following,,,,Not liked by other pupils,"0=Not True (as far as you know), 1=Somewhat or Sometimes True, 2=Very True or Often True",1,,,,,,,CBCL for Ages 6-18 - Parent Report Form
2972,qr161,Following,,,,"Constipated, doesn't move bowels","0=Not True (as far as you know), 1=Somewhat or Sometimes True, 2=Very True or Often True",1,,,,,,,CBCL for Ages 6-18 - Parent Report Form
2973,qr161,Following,,,,Too fearful or anxious,"0=Not True (as far as you know), 1=Somewhat or Sometimes True, 2=Very True or Often True",1,,,,,,,CBCL for Ages 6-18 - Parent Report Form
2974,qr161,Following,,,,Feels dizzy or lightheaded,"0=Not True (as far as you know), 1=Somewhat or Sometimes True, 2=Very True or Often True",1,,,,,,,CBCL for Ages 6-18 - Parent Report Form
2975,qr161,Following,,,,Feels too guilty,"0=Not True (as far as you know), 1=Somewhat or Sometimes True, 2=Very True or Often True",1,,,,,,,CBCL for Ages 6-18 - Parent Report Form
2976,qr161,Following,,,,Overeating,"0=Not True (as far as you know), 1=Somewhat or Sometimes True, 2=Very True or Often True",1,,,,,,,CBCL for Ages 6-18 - Parent Report Form
2977,qr161,Following,,,,Overtired without good reason,"0=Not True (as far as you know), 1=Somewhat or Sometimes True, 2=Very True or Often True",1,,,,,,,CBCL for Ages 6-18 - Parent Report Form
2978,qr161,Following,,,,Overweight,"0=Not True (as far as you know), 1=Somewhat or Sometimes True, 2=Very True or Often True",1,,,,,,,CBCL for Ages 6-18 - Parent Report Form
2979,qr161,Following,,,,Physical problems without known medical cause: Aches or pains (not stomach or headaches),"0=Not True (as far as you know), 1=Somewhat or Sometimes True, 2=Very True or Often True",1,,,,,,,CBCL for Ages 6-18 - Parent Report Form
2980,qr161,Following,,,,Physical problems without known medical cause: Headaches,"0=Not True (as far as you know), 1=Somewhat or Sometimes True, 2=Very True or Often True",1,,,,,,,CBCL for Ages 6-18 - Parent Report Form
2981,qr161,Following,,,,"Physical problems without known medical cause: Nausea, feels sick","0=Not True (as far as you know), 1=Somewhat or Sometimes True, 2=Very True or Often True",1,,,,,,,CBCL for Ages 6-18 - Parent Report Form
2982,qr161,Following,,,,Physical problems without known medical cause: Eye problems ,"0=Not True (as far as you know), 1=Somewhat or Sometimes True, 2=Very True or Often True",1,,,,,,,CBCL for Ages 6-18 - Parent Report Form
2983,qr161,Following,,,,Rashes or other skin problems ,"0=Not True (as far as you know), 1=Somewhat or Sometimes True, 2=Very True or Often True",1,,,,,,,CBCL for Ages 6-18 - Parent Report Form
2984,qr161,Following,,,,Stomachaches ,"0=Not True (as far as you know), 1=Somewhat or Sometimes True, 2=Very True or Often True",1,,,,,,,CBCL for Ages 6-18 - Parent Report Form
2985,qr161,Following,,,,"Vomiting, throwing up ","0=Not True (as far as you know), 1=Somewhat or Sometimes True, 2=Very True or Often True",1,,,,,,,CBCL for Ages 6-18 - Parent Report Form
2986,qr161,Following,,,,Other (describe) ,"0=Not True (as far as you know), 1=Somewhat or Sometimes True, 2=Very True or Often True",1,,,,,,,CBCL for Ages 6-18 - Parent Report Form
2987,qr161,Following,,,,Physically attacks people,"0=Not True (as far as you know), 1=Somewhat or Sometimes True, 2=Very True or Often True",1,,,,,,,CBCL for Ages 6-18 - Parent Report Form
2988,qr161,Following,,,,"Picks nose, skin, or other parts of body (describe):","0=Not True (as far as you know), 1=Somewhat or Sometimes True, 2=Very True or Often True",1,,,,,,,CBCL for Ages 6-18 - Parent Report Form
2989,qr161,Following,,,,Plays with own sex parts in public,"0=Not True (as far as you know), 1=Somewhat or Sometimes True, 2=Very True or Often True",1,,,,,,,CBCL for Ages 6-18 - Parent Report Form
2990,qr161,Following,,,,Plays with own sex parts too much,"0=Not True (as far as you know), 1=Somewhat or Sometimes True, 2=Very True or Often True",1,,,,,,,CBCL for Ages 6-18 - Parent Report Form
2991,qr161,Following,,,,Poor school work,"0=Not True (as far as you know), 1=Somewhat or Sometimes True, 2=Very True or Often True",1,,,,,,,CBCL for Ages 6-18 - Parent Report Form
2992,qr161,Following,,,,Poorly coordinated or clumsy,"0=Not True (as far as you know), 1=Somewhat or Sometimes True, 2=Very True or Often True",1,,,,,,,CBCL for Ages 6-18 - Parent Report Form
2993,qr161,Following,,,,Prefers being with older kids,"0=Not True (as far as you know), 1=Somewhat or Sometimes True, 2=Very True or Often True",1,,,,,,,CBCL for Ages 6-18 - Parent Report Form
2994,qr161,Following,,,,Prefers being with younger kids,"0=Not True (as far as you know), 1=Somewhat or Sometimes True, 2=Very True or Often True",1,,,,,,,CBCL for Ages 6-18 - Parent Report Form
2995,qr161,Following,,,,Refuses to talk,"0=Not True (as far as you know), 1=Somewhat or Sometimes True, 2=Very True or Often True",1,,,,,,,CBCL for Ages 6-18 - Parent Report Form
2996,qr161,Following,,,,Repeats certain acts over and over; compulsions (describe):,"0=Not True (as far as you know), 1=Somewhat or Sometimes True, 2=Very True or Often True",1,,,,,,,CBCL for Ages 6-18 - Parent Report Form
2997,qr161,Following,,,,Runs away from home,"0=Not True (as far as you know), 1=Somewhat or Sometimes True, 2=Very True or Often True",1,,,,,,,CBCL for Ages 6-18 - Parent Report Form
2998,qr161,Following,,,,Screams a lot,"0=Not True (as far as you know), 1=Somewhat or Sometimes True, 2=Very True or Often True",1,,,,,,,CBCL for Ages 6-18 - Parent Report Form
2999,qr161,Following,,,,"Secretive, keeps things to self","0=Not True (as far as you know), 1=Somewhat or Sometimes True, 2=Very True or Often True",1,,,,,,,CBCL for Ages 6-18 - Parent Report Form
3000,qr161,Following,,,,Sees things that aren't there (describe):,"0=Not True (as far as you know), 1=Somewhat or Sometimes True, 2=Very True or Often True",1,,,,,,,CBCL for Ages 6-18 - Parent Report Form
3001,qr161,Following,,,,Self-conscious or easily embarrassed,"0=Not True (as far as you know), 1=Somewhat or Sometimes True, 2=Very True or Often True",1,,,,,,,CBCL for Ages 6-18 - Parent Report Form
3002,qr161,Following,,,,Sets fires,"0=Not True (as far as you know), 1=Somewhat or Sometimes True, 2=Very True or Often True",1,,,,,,,CBCL for Ages 6-18 - Parent Report Form
3003,qr161,Following,,,,Sexual problems (describe):,"0=Not True (as far as you know), 1=Somewhat or Sometimes True, 2=Very True or Often True",1,,,,,,,CBCL for Ages 6-18 - Parent Report Form
3004,qr161,Following,,,,Showing off or clowning,"0=Not True (as far as you know), 1=Somewhat or Sometimes True, 2=Very True or Often True",1,,,,,,,CBCL for Ages 6-18 - Parent Report Form
3005,qr161,Following,,,,Too shy or timid,"0=Not True (as far as you know), 1=Somewhat or Sometimes True, 2=Very True or Often True",1,,,,,,,CBCL for Ages 6-18 - Parent Report Form
3006,qr161,Following,,,,Sleeps less than most kids,"0=Not True (as far as you know), 1=Somewhat or Sometimes True, 2=Very True or Often True",1,,,,,,,CBCL for Ages 6-18 - Parent Report Form
3007,qr161,Following,,,,Sleeps more than most kids during day and/or night (describe):,"0=Not True (as far as you know), 1=Somewhat or Sometimes True, 2=Very True or Often True",1,,,,,,,CBCL for Ages 6-18 - Parent Report Form
3008,qr161,Following,,,,Inattentive or easily distracted,"0=Not True (as far as you know), 1=Somewhat or Sometimes True, 2=Very True or Often True",1,,,,,,,CBCL for Ages 6-18 - Parent Report Form
3009,qr161,Following,,,,Speech problem (describe):,"0=Not True (as far as you know), 1=Somewhat or Sometimes True, 2=Very True or Often True",1,,,,,,,CBCL for Ages 6-18 - Parent Report Form
3010,qr161,Following,,,,Stares blankly,"0=Not True (as far as you know), 1=Somewhat or Sometimes True, 2=Very True or Often True",1,,,,,,,CBCL for Ages 6-18 - Parent Report Form
3011,qr161,Following,,,,Steals at home,"0=Not True (as far as you know), 1=Somewhat or Sometimes True, 2=Very True or Often True",1,,,,,,,CBCL for Ages 6-18 - Parent Report Form
3012,qr161,Following,,,,Steals outside the home,"0=Not True (as far as you know), 1=Somewhat or Sometimes True, 2=Very True or Often True",1,,,,,,,CBCL for Ages 6-18 - Parent Report Form
3013,qr161,Following,,,,Stores up too many things he/she doesn't need (describe):,"0=Not True (as far as you know), 1=Somewhat or Sometimes True, 2=Very True or Often True",1,,,,,,,CBCL for Ages 6-18 - Parent Report Form
3014,qr161,Following,,,,Strange behavior (describe):,"0=Not True (as far as you know), 1=Somewhat or Sometimes True, 2=Very True or Often True",1,,,,,,,CBCL for Ages 6-18 - Parent Report Form
3015,qr161,Following,,,,Strange ideas (describe):,"0=Not True (as far as you know), 1=Somewhat or Sometimes True, 2=Very True or Often True",1,,,,,,,CBCL for Ages 6-18 - Parent Report Form
3016,qr161,Following,,,,"Stubborn, sullen, or irritable","0=Not True (as far as you know), 1=Somewhat or Sometimes True, 2=Very True or Often True",1,,,,,,,CBCL for Ages 6-18 - Parent Report Form
3017,qr161,Following,,,,Sudden changes in mood or feelings,"0=Not True (as far as you know), 1=Somewhat or Sometimes True, 2=Very True or Often True",1,,,,,,,CBCL for Ages 6-18 - Parent Report Form
3018,qr161,Following,,,,Sulks a lot,"0=Not True (as far as you know), 1=Somewhat or Sometimes True, 2=Very True or Often True",1,,,,,,,CBCL for Ages 6-18 - Parent Report Form
3019,qr161,Following,,,,Suspicious,"0=Not True (as far as you know), 1=Somewhat or Sometimes True, 2=Very True or Often True",1,,,,,,,CBCL for Ages 6-18 - Parent Report Form
3020,qr161,Following,,,,Swearing or obscene language,"0=Not True (as far as you know), 1=Somewhat or Sometimes True, 2=Very True or Often True",1,,,,,,,CBCL for Ages 6-18 - Parent Report Form
3021,qr161,Following,,,,Talks about killing self,"0=Not True (as far as you know), 1=Somewhat or Sometimes True, 2=Very True or Often True",1,,,,,,,CBCL for Ages 6-18 - Parent Report Form
3022,qr161,Following,,,,Talks or walks in sleep (describe):,"0=Not True (as far as you know), 1=Somewhat or Sometimes True, 2=Very True or Often True",1,,,,,,,CBCL for Ages 6-18 - Parent Report Form
3023,qr161,Following,,,,Talks too much,"0=Not True (as far as you know), 1=Somewhat or Sometimes True, 2=Very True or Often True",1,,,,,,,CBCL for Ages 6-18 - Parent Report Form
3024,qr161,Following,,,,Teases a lot,"0=Not True (as far as you know), 1=Somewhat or Sometimes True, 2=Very True or Often True",1,,,,,,,CBCL for Ages 6-18 - Parent Report Form
3025,qr161,Following,,,,Temper tantrums or hot temper,"0=Not True (as far as you know), 1=Somewhat or Sometimes True, 2=Very True or Often True",1,,,,,,,CBCL for Ages 6-18 - Parent Report Form
3026,qr161,Following,,,,Thinks about sex too much,"0=Not True (as far as you know), 1=Somewhat or Sometimes True, 2=Very True or Often True",1,,,,,,,CBCL for Ages 6-18 - Parent Report Form
3027,qr161,Following,,,,Threatens people,"0=Not True (as far as you know), 1=Somewhat or Sometimes True, 2=Very True or Often True",1,,,,,,,CBCL for Ages 6-18 - Parent Report Form
3028,qr161,Following,,,,Thumb-sucking,"0=Not True (as far as you know), 1=Somewhat or Sometimes True, 2=Very True or Often True",1,,,,,,,CBCL for Ages 6-18 - Parent Report Form
3029,qr161,Following,,,,"Smokes, chews, or sniffs tobacco","0=Not True (as far as you know), 1=Somewhat or Sometimes True, 2=Very True or Often True",1,,,,,,,CBCL for Ages 6-18 - Parent Report Form
3030,qr161,Following,,,,Trouble sleeping (describe):,"0=Not True (as far as you know), 1=Somewhat or Sometimes True, 2=Very True or Often True",1,,,,,,,CBCL for Ages 6-18 - Parent Report Form
3031,qr161,Following,,,,"Truancy, skips school","0=Not True (as far as you know), 1=Somewhat or Sometimes True, 2=Very True or Often True",1,,,,,,,CBCL for Ages 6-18 - Parent Report Form
3032,qr161,Following,,,,"Underactive, slow moving, or lacks energy","0=Not True (as far as you know), 1=Somewhat or Sometimes True, 2=Very True or Often True",1,,,,,,,CBCL for Ages 6-18 - Parent Report Form
3033,qr161,Following,,,,"Unhappy, sad, or depressed","0=Not True (as far as you know), 1=Somewhat or Sometimes True, 2=Very True or Often True",1,,,,,,,CBCL for Ages 6-18 - Parent Report Form
3034,qr161,Following,,,,Unusually loud,"0=Not True (as far as you know), 1=Somewhat or Sometimes True, 2=Very True or Often True",1,,,,,,,CBCL for Ages 6-18 - Parent Report Form
3035,qr161,Following,,,,Uses drugs for nonmedical purposes (don't include alcohol or tobacco) (describe):,"0=Not True (as far as you know), 1=Somewhat or Sometimes True, 2=Very True or Often True",1,,,,,,,CBCL for Ages 6-18 - Parent Report Form
3036,qr161,Following,,,,Vandalism,"0=Not True (as far as you know), 1=Somewhat or Sometimes True, 2=Very True or Often True",1,,,,,,,CBCL for Ages 6-18 - Parent Report Form
3037,qr161,Following,,,,Wets self during the day,"0=Not True (as far as you know), 1=Somewhat or Sometimes True, 2=Very True or Often True",1,,,,,,,CBCL for Ages 6-18 - Parent Report Form
3038,qr161,Following,,,,Wets the bed,"0=Not True (as far as you know), 1=Somewhat or Sometimes True, 2=Very True or Often True",1,,,,,,,CBCL for Ages 6-18 - Parent Report Form
3039,qr161,Following,,,,Whining,"0=Not True (as far as you know), 1=Somewhat or Sometimes True, 2=Very True or Often True",1,,,,,,,CBCL for Ages 6-18 - Parent Report Form
3040,qr161,Following,,,,Wishes to be of opposite sex,"0=Not True (as far as you know), 1=Somewhat or Sometimes True, 2=Very True or Often True",1,,,,,,,CBCL for Ages 6-18 - Parent Report Form
3041,qr161,Following,,,,"Withdrawn, doesn't get involved with others","0=Not True (as far as you know), 1=Somewhat or Sometimes True, 2=Very True or Often True",1,,,,,,,CBCL for Ages 6-18 - Parent Report Form
3042,qr161,Following,,,,Worries,"0=Not True (as far as you know), 1=Somewhat or Sometimes True, 2=Very True or Often True",1,,,,,,,CBCL for Ages 6-18 - Parent Report Form
3043,qr161,Following,,,,Please write in any problems the pupils has that were not listed above.,,4,,,,,,,CBCL for Ages 6-18 - Parent Report Form
3044,qr161,Following,,,,Please write in any problems the pupils has that were not listed above.,,4,,,,,,,CBCL for Ages 6-18 - Parent Report Form
3045,qr161,Following,,,,Please write in any problems the pupils has that were not listed above.,,4,,,,,,,CBCL for Ages 6-18 - Parent Report Form
1951,qr20,Below,,,,I act too young for my age,"0= Not True, 1= Somewhat or Sometimes True, 2= Very True or Often True",1,1,0,oo,2,,,Youth Self Report
1952,qr20,Below,,,,I drink alcohol without my parents' approval (describe):,"0= Not True (as far as you know), 1= Somewhat or Sometimes True, 2= Very True or Often True",1,1,0,oo,2,,,Youth Self Report
1953,qr20,Below,,,,I argue a lot,"0= Not True (as far as you know), 1= Somewhat or Sometimes True, 2= Very True or Often True",1,1,0,oo,2,,,Youth Self Report
1954,qr20,Below,,,,I fail to finish things that I start,"0= Not True (as far as you know), 1= Somewhat or Sometimes True, 2= Very True or Often True",1,1,0,oo,2,,,Youth Self Report
1955,qr20,Below,,,,There is very little that I enjoy,"0= Not True (as far as you know), 1= Somewhat or Sometimes True, 2= Very True or Often True",1,1,0,oo,2,,,Youth Self Report
1956,qr20,Below,,,,I like animals,"0= Not True (as far as you know), 1= Somewhat or Sometimes True, 2= Very True or Often True",1,1,0,oo,oo,,,Youth Self Report
1957,qr20,Below,,,,I brag,"0= Not True (as far as you know), 1= Somewhat or Sometimes True, 2= Very True or Often True",1,1,0,oo,2,,,Youth Self Report
1958,qr20,Below,,,,I have trouble concentrating or paying attention,"0= Not True (as far as you know), 1= Somewhat or Sometimes True, 2= Very True or Often True",1,1,0,oo,2,,,Youth Self Report
1959,qr20,Below,,,,I can't get my mind off certain thoughts; (describe):,"0= Not True (as far as you know), 1= Somewhat or Sometimes True, 2= Very True or Often True",1,1,0,oo,2,,,Youth Self Report
1960,qr20,Below,,,,I have trouble sitting still,"0= Not True (as far as you know), 1= Somewhat or Sometimes True, 2= Very True or Often True",1,1,0,oo,2,,,Youth Self Report
1961,qr20,Below,,,,I'm too dependent on adults,"0= Not True (as far as you know), 1= Somewhat or Sometimes True, 2= Very True or Often True",1,1,0,oo,2,,,Youth Self Report
1962,qr20,Below,,,,I feel lonely,"0= Not True (as far as you know), 1= Somewhat or Sometimes True, 2= Very True or Often True",1,1,0,oo,2,,,Youth Self Report
1963,qr20,Below,,,,I feel confused or in a fog,"0= Not True (as far as you know), 1= Somewhat or Sometimes True, 2= Very True or Often True",1,1,0,oo,2,,,Youth Self Report
1964,qr20,Below,,,,I cry a lot,"0= Not True (as far as you know), 1= Somewhat or Sometimes True, 2= Very True or Often True",1,1,0,oo,2,,,Youth Self Report
1965,qr20,Below,,,,I am pretty honest,"0= Not True (as far as you know), 1= Somewhat or Sometimes True, 2= Very True or Often True",1,1,0,0,oo,,,Youth Self Report
1966,qr20,Below,,,,I am mean to others,"0= Not True (as far as you know), 1= Somewhat or Sometimes True, 2= Very True or Often True",1,1,0,oo,2,,,Youth Self Report
1967,qr20,Below,,,,I daydream a lot,"0= Not True (as far as you know), 1= Somewhat or Sometimes True, 2= Very True or Often True",1,1,0,oo,2,,,Youth Self Report
1968,qr20,Below,,,,I deliberately try to hurt or kill myself,"0= Not True (as far as you know), 1= Somewhat or Sometimes True, 2= Very True or Often True",1,1,0,oo,2,,,Youth Self Report
1969,qr20,Below,,,,I try to get a lot of attention,"0= Not True (as far as you know), 1= Somewhat or Sometimes True, 2= Very True or Often True",1,1,0,oo,2,,,Youth Self Report
1970,qr20,Below,,,,I destroy my own things,"0= Not True (as far as you know), 1= Somewhat or Sometimes True, 2= Very True or Often True",1,1,0,oo,2,,,Youth Self Report
1971,qr20,Below,,,,I destroy things belonging to others,"0= Not True (as far as you know), 1= Somewhat or Sometimes True, 2= Very True or Often True",1,1,0,oo,2,,,Youth Self Report
1972,qr20,Below,,,,I disobey my parents,"0= Not True (as far as you know), 1= Somewhat or Sometimes True, 2= Very True or Often True",1,1,0,oo,2,,,Youth Self Report
1973,qr20,Below,,,,I disobey at school,"0= Not True (as far as you know), 1= Somewhat or Sometimes True, 2= Very True or Often True",1,1,0,oo,2,,,Youth Self Report
1974,qr20,Below,,,,I don't eat as well as I should,"0= Not True (as far as you know), 1= Somewhat or Sometimes True, 2= Very True or Often True",1,1,0,oo,2,,,Youth Self Report
1975,qr20,Below,,,,I don't get along with other kids,"0= Not True (as far as you know), 1= Somewhat or Sometimes True, 2= Very True or Often True",1,1,0,oo,2,,,Youth Self Report
1976,qr20,Below,,,,I don't feel guilty after doing something I shouldn't,"0= Not True (as far as you know), 1= Somewhat or Sometimes True, 2= Very True or Often True",1,1,0,oo,2,,,Youth Self Report
1977,qr20,Below,,,,I am jealous of others,"0= Not True (as far as you know), 1= Somewhat or Sometimes True, 2= Very True or Often True",1,1,0,oo,2,,,Youth Self Report
1978,qr20,Below,,,,"I break rules at home, school, or elsewhere","0= Not True (as far as you know), 1= Somewhat or Sometimes True, 2= Very True or Often True",1,1,0,oo,2,,,Youth Self Report
1979,qr20,Below,,,,"I am afraid of certain animals, situations, or places, other than school (describe):","0= Not True (as far as you know), 1= Somewhat or Sometimes True, 2= Very True or Often True",1,1,0,oo,2,,,Youth Self Report
1980,qr20,Below,,,,I am afraid of going to school,"0= Not True (as far as you know), 1= Somewhat or Sometimes True, 2= Very True or Often True",1,1,0,oo,2,,,Youth Self Report
1981,qr20,Below,,,,I am afraid I might think or do something bad,"0= Not True (as far as you know), 1= Somewhat or Sometimes True, 2= Very True or Often True",1,1,0,oo,2,,,Youth Self Report
1982,qr20,Below,,,,I feel that I have to be perfect,"0= Not True (as far as you know), 1= Somewhat or Sometimes True, 2= Very True or Often True",1,1,0,oo,2,,,Youth Self Report
1983,qr20,Below,,,,I feel that no one loves me,"0= Not True (as far as you know), 1= Somewhat or Sometimes True, 2= Very True or Often True",1,1,0,oo,2,,,Youth Self Report
1984,qr20,Below,,,,I feel that others are out to get me,"0= Not True (as far as you know), 1= Somewhat or Sometimes True, 2= Very True or Often True",1,1,0,oo,2,,,Youth Self Report
1985,qr20,Below,,,,I feel worthless or inferior,"0= Not True (as far as you know), 1= Somewhat or Sometimes True, 2= Very True or Often True",1,1,0,oo,2,,,Youth Self Report
1986,qr20,Below,,,,I accidentally get hurt a lot,"0= Not True (as far as you know), 1= Somewhat or Sometimes True, 2= Very True or Often True",1,1,0,oo,2,,,Youth Self Report
1987,qr20,Below,,,,I get in many fights,"0= Not True (as far as you know), 1= Somewhat or Sometimes True, 2= Very True or Often True",1,1,0,oo,2,,,Youth Self Report
1988,qr20,Below,,,,I get teased a lot,"0= Not True (as far as you know), 1= Somewhat or Sometimes True, 2= Very True or Often True",1,1,0,oo,2,,,Youth Self Report
1989,qr20,Below,,,,I hang around with kids who get in trouble,"0= Not True (as far as you know), 1= Somewhat or Sometimes True, 2= Very True or Often True",1,1,0,oo,2,,,Youth Self Report
1990,qr20,Below,,,,I hear sounds or voices that other people think aren't there (describe):,"0= Not True (as far as you know), 1= Somewhat or Sometimes True, 2= Very True or Often True",1,1,0,oo,2,,,Youth Self Report
1991,qr20,Below,,,,I act without stopping to think,"0= Not True (as far as you know), 1= Somewhat or Sometimes True, 2= Very True or Often True",1,1,0,oo,2,,,Youth Self Report
1992,qr20,Below,,,,I would rather be alone than with others,"0= Not True (as far as you know), 1= Somewhat or Sometimes True, 2= Very True or Often True",1,1,0,oo,2,,,Youth Self Report
1993,qr20,Below,,,,I lie or cheat,"0= Not True (as far as you know), 1= Somewhat or Sometimes True, 2= Very True or Often True",1,1,0,oo,2,,,Youth Self Report
1994,qr20,Below,,,,I bite my fingernails,"0= Not True (as far as you know), 1= Somewhat or Sometimes True, 2= Very True or Often True",1,1,0,oo,2,,,Youth Self Report
1995,qr20,Below,,,,I am nervous or tense,"0= Not True (as far as you know), 1= Somewhat or Sometimes True, 2= Very True or Often True",1,1,0,oo,2,,,Youth Self Report
1996,qr20,Below,,,,Parts of my body twitch or make nervous movements (describe):,"0= Not True (as far as you know), 1= Somewhat or Sometimes True, 2= Very True or Often True",1,1,0,oo,2,,,Youth Self Report
1997,qr20,Below,,,,I have nightmares,"0= Not True (as far as you know), 1= Somewhat or Sometimes True, 2= Very True or Often True",1,1,0,oo,2,,,Youth Self Report
1998,qr20,Below,,,,I am not liked by other kids,"0= Not True (as far as you know), 1= Somewhat or Sometimes True, 2= Very True or Often True",1,1,0,oo,2,,,Youth Self Report
1999,qr20,Below,,,,I can do certain things better than most kids,"0= Not True (as far as you know), 1= Somewhat or Sometimes True, 2= Very True or Often True",1,1,0,oo,2,,,Youth Self Report
2000,qr20,Below,,,,I am too fearful or anxious,"0= Not True (as far as you know), 1= Somewhat or Sometimes True, 2= Very True or Often True",1,1,0,oo,2,,,Youth Self Report
2001,qr20,Below,,,,I feel dizzy or lightheaded,"0= Not True (as far as you know), 1= Somewhat or Sometimes True, 2= Very True or Often True",1,1,0,oo,2,,,Youth Self Report
2002,qr20,Below,,,,I feel too guilty,"0= Not True (as far as you know), 1= Somewhat or Sometimes True, 2= Very True or Often True",1,1,0,oo,2,,,Youth Self Report
2003,qr20,Below,,,,I eat too much,"0= Not True (as far as you know), 1= Somewhat or Sometimes True, 2= Very True or Often True",1,1,0,oo,2,,,Youth Self Report
2004,qr20,Below,,,,I feel overtired without good reason,"0= Not True (as far as you know), 1= Somewhat or Sometimes True, 2= Very True or Often True",1,1,0,oo,2,,,Youth Self Report
2005,qr20,Below,,,,I am overweight,"0= Not True (as far as you know), 1= Somewhat or Sometimes True, 2= Very True or Often True",1,1,0,oo,2,,,Youth Self Report
2006,qr20,Below,,56. Physical problems without known medical cause:,56. Physical problems without known medical cause:,Aches or pains (not stomach or headaches),"0= Not True (as far as you know), 1= Somewhat or Sometimes True, 2= Very True or Often True",1,1,0,oo,2,,,Youth Self Report
2007,qr20,Below,,56. Physical problems without known medical cause:,56. Physical problems without known medical cause:,Headaches,"0= Not True (as far as you know), 1= Somewhat or Sometimes True, 2= Very True or Often True",1,1,0,oo,2,,,Youth Self Report
2008,qr20,Below,,56. Physical problems without known medical cause:,56. Physical problems without known medical cause:,"Nausea, feel sick","0= Not True (as far as you know), 1= Somewhat or Sometimes True, 2= Very True or Often True",1,1,0,oo,2,,,Youth Self Report
2009,qr20,Below,,56. Physical problems without known medical cause:,56. Physical problems without known medical cause:,Problems with eyes (not if corrected by glasses) (describe):,"0= Not True (as far as you know), 1= Somewhat or Sometimes True, 2= Very True or Often True",1,1,0,oo,2,,,Youth Self Report
2010,qr20,Below,,56. Physical problems without known medical cause:,56. Physical problems without known medical cause:,Rashes or other skin problems,"0= Not True (as far as you know), 1= Somewhat or Sometimes True, 2= Very True or Often True",1,1,0,oo,2,,,Youth Self Report
2011,qr20,Below,,56. Physical problems without known medical cause:,56. Physical problems without known medical cause:,Stomach aches,"0= Not True (as far as you know), 1= Somewhat or Sometimes True, 2= Very True or Often True",1,1,0,oo,2,,,Youth Self Report
2012,qr20,Below,,56. Physical problems without known medical cause:,56. Physical problems without known medical cause:,"Vomiting, throwing up","0= Not True (as far as you know), 1= Somewhat or Sometimes True, 2= Very True or Often True",1,1,0,oo,2,,,Youth Self Report
2013,qr20,Below,,56. Physical problems without known medical cause:,56. Physical problems without known medical cause:,Other (describe):,"0= Not True (as far as you know), 1= Somewhat or Sometimes True, 2= Very True or Often True",1,1,0,oo,2,,,Youth Self Report
2014,qr20,Below,,,,I physically attack people,"0= Not True (as far as you know), 1= Somewhat or Sometimes True, 2= Very True or Often True",1,1,0,oo,2,,,Youth Self Report
2015,qr20,Below,,,,I pick my skin or other parts of my body (describe):,"0= Not True (as far as you know), 1= Somewhat or Sometimes True, 2= Very True or Often True",1,1,0,oo,2,,,Youth Self Report
2016,qr20,Below,,,,I can be pretty friendly,"0= Not True (as far as you know), 1= Somewhat or Sometimes True, 2= Very True or Often True",1,1,0,oo,2,,,Youth Self Report
2017,qr20,Below,,,,I like to try new things,"0= Not True (as far as you know), 1= Somewhat or Sometimes True, 2= Very True or Often True",1,1,0,0,2,,,Youth Self Report
2018,qr20,Below,,,,My school work is poor,"0= Not True (as far as you know), 1= Somewhat or Sometimes True, 2= Very True or Often True",1,1,0,oo,2,,,Youth Self Report
2019,qr20,Below,,,,I am poorly coordinated or clumsy,"0= Not True (as far as you know), 1= Somewhat or Sometimes True, 2= Very True or Often True",1,1,0,oo,2,,,Youth Self Report
2020,qr20,Below,,,,I would rather be with older kids than kids my own age,"0= Not True (as far as you know), 1= Somewhat or Sometimes True, 2= Very True or Often True",1,1,0,oo,2,,,Youth Self Report
2021,qr20,Below,,,,I would rather be with younger kids than kids my own age,"0= Not True (as far as you know), 1= Somewhat or Sometimes True, 2= Very True or Often True",1,1,0,oo,2,,,Youth Self Report
2022,qr20,Below,,,,I refuse to talk,"0= Not True (as far as you know), 1= Somewhat or Sometimes True, 2= Very True or Often True",1,1,0,oo,2,,,Youth Self Report
2023,qr20,Below,,,,I repeat certain acts over and over (describe):,"0= Not True (as far as you know), 1= Somewhat or Sometimes True, 2= Very True or Often True",1,1,0,oo,2,,,Youth Self Report
2024,qr20,Below,,,,I run away from home,"0= Not True (as far as you know), 1= Somewhat or Sometimes True, 2= Very True or Often True",1,1,0,oo,2,,,Youth Self Report
2025,qr20,Below,,,,I scream a lot,"0= Not True (as far as you know), 1= Somewhat or Sometimes True, 2= Very True or Often True",1,1,0,oo,2,,,Youth Self Report
2026,qr20,Below,,,,I am secretive or keep things to myself,"0= Not True (as far as you know), 1= Somewhat or Sometimes True, 2= Very True or Often True",1,1,0,oo,2,,,Youth Self Report
2027,qr20,Below,,,,I see things that other people think aren't there (describe):,"0= Not True (as far as you know), 1= Somewhat or Sometimes True, 2= Very True or Often True",1,1,0,oo,2,,,Youth Self Report
2028,qr20,Below,,,,I am self-conscious or easily embarrassed,"0= Not True (as far as you know), 1= Somewhat or Sometimes True, 2= Very True or Often True",1,1,0,oo,2,,,Youth Self Report
2029,qr20,Below,,,,I set fires,"0= Not True (as far as you know), 1= Somewhat or Sometimes True, 2= Very True or Often True",1,1,0,oo,2,,,Youth Self Report
2030,qr20,Below,,,,I can work well with my hands,"0= Not True (as far as you know), 1= Somewhat or Sometimes True, 2= Very True or Often True",1,1,0,oo,2,,,Youth Self Report
2031,qr20,Below,,,,I show off or clown,"0= Not True (as far as you know), 1= Somewhat or Sometimes True, 2= Very True or Often True",1,1,0,oo,2,,,Youth Self Report
2032,qr20,Below,,,,I am too shy or timid,"0= Not True (as far as you know), 1= Somewhat or Sometimes True, 2= Very True or Often True",1,1,0,oo,2,,,Youth Self Report
2033,qr20,Below,,,,I sleep less than most kids,"0= Not True (as far as you know), 1= Somewhat or Sometimes True, 2= Very True or Often True",1,1,0,oo,2,,,Youth Self Report
2034,qr20,Below,,,,I sleep more than most kids during day and/or night (describe):,"0= Not True (as far as you know), 1= Somewhat or Sometimes True, 2= Very True or Often True",1,1,0,oo,2,,,Youth Self Report
2035,qr20,Below,,,,I am inattentive or easily distracted,"0= Not True (as far as you know), 1= Somewhat or Sometimes True, 2= Very True or Often True",1,1,0,oo,2,,,Youth Self Report
2036,qr20,Below,,,,I have a speech problem (describe):,"0= Not True (as far as you know), 1= Somewhat or Sometimes True, 2= Very True or Often True",1,1,0,oo,2,,,Youth Self Report
2037,qr20,Below,,,,I stand up for my rights,"0= Not True (as far as you know), 1= Somewhat or Sometimes True, 2= Very True or Often True",1,1,0,0,oo,,,Youth Self Report
2038,qr20,Below,,,,I steal at home,"0= Not True (as far as you know), 1= Somewhat or Sometimes True, 2= Very True or Often True",1,1,0,oo,2,,,Youth Self Report
2039,qr20,Below,,,,I steal from places other than home,"0= Not True (as far as you know), 1= Somewhat or Sometimes True, 2= Very True or Often True",1,1,0,oo,2,,,Youth Self Report
2040,qr20,Below,,,,I store up too many things I don't need (describe):,"0= Not True (as far as you know), 1= Somewhat or Sometimes True, 2= Very True or Often True",1,1,0,oo,2,,,Youth Self Report
2041,qr20,Below,,,,I do things other people think are strange (describe):,"0= Not True (as far as you know), 1= Somewhat or Sometimes True, 2= Very True or Often True",1,1,0,oo,2,,,Youth Self Report
2042,qr20,Below,,,,I have thoughts that other people would think are strange (describe):,"0= Not True (as far as you know), 1= Somewhat or Sometimes True, 2= Very True or Often True",1,1,0,oo,2,,,Youth Self Report
2043,qr20,Below,,,,I am stubborn,"0= Not True (as far as you know), 1= Somewhat or Sometimes True, 2= Very True or Often True",1,1,0,oo,2,,,Youth Self Report
2044,qr20,Below,,,,My moods or feelings change suddenly,"0= Not True (as far as you know), 1= Somewhat or Sometimes True, 2= Very True or Often True",1,1,0,oo,2,,,Youth Self Report
2045,qr20,Below,,,,I enjoy being with people,"0= Not True (as far as you know), 1= Somewhat or Sometimes True, 2= Very True or Often True",1,1,0,0,oo,,,Youth Self Report
2046,qr20,Below,,,,I am suspicious,"0= Not True (as far as you know), 1= Somewhat or Sometimes True, 2= Very True or Often True",1,1,0,oo,2,,,Youth Self Report
2047,qr20,Below,,,,I swear or use dirty language,"0= Not True (as far as you know), 1= Somewhat or Sometimes True, 2= Very True or Often True",1,1,0,oo,2,,,Youth Self Report
2048,qr20,Below,,,,I think about killing myself,"0= Not True (as far as you know), 1= Somewhat or Sometimes True, 2= Very True or Often True",1,1,0,oo,2,,,Youth Self Report
2049,qr20,Below,,,,I like to make others laugh,"0= Not True (as far as you know), 1= Somewhat or Sometimes True, 2= Very True or Often True",1,1,0,0,oo,,,Youth Self Report
2050,qr20,Below,,,,I talk too much,"0= Not True (as far as you know), 1= Somewhat or Sometimes True, 2= Very True or Often True",1,1,0,oo,2,,,Youth Self Report
2051,qr20,Below,,,,I tease others a lot,"0= Not True (as far as you know), 1= Somewhat or Sometimes True, 2= Very True or Often True",1,1,0,oo,2,,,Youth Self Report
2052,qr20,Below,,,,I have a hot temper,"0= Not True (as far as you know), 1= Somewhat or Sometimes True, 2= Very True or Often True",1,1,0,oo,2,,,Youth Self Report
2053,qr20,Below,,,,I think about sex too much,"0= Not True (as far as you know), 1= Somewhat or Sometimes True, 2= Very True or Often True",1,1,0,oo,2,,,Youth Self Report
2054,qr20,Below,,,,I threaten to hurt people,"0= Not True (as far as you know), 1= Somewhat or Sometimes True, 2= Very True or Often True",1,1,0,oo,2,,,Youth Self Report
2055,qr20,Below,,,,I like to help others,"0= Not True (as far as you know), 1= Somewhat or Sometimes True, 2= Very True or Often True",1,1,0,oo,2,,,Youth Self Report
2056,qr20,Below,,,,"I smoke, chew, or sniff tobacco","0= Not True (as far as you know), 1= Somewhat or Sometimes True, 2= Very True or Often True",1,1,0,oo,2,,,Youth Self Report
2057,qr20,Below,,,,I have trouble sleeping (describe):,"0= Not True (as far as you know), 1= Somewhat or Sometimes True, 2= Very True or Often True",1,1,0,oo,2,,,Youth Self Report
2058,qr20,Below,,,,I cut classes or skip school,"0= Not True (as far as you know), 1= Somewhat or Sometimes True, 2= Very True or Often True",1,1,0,oo,2,,,Youth Self Report
2059,qr20,Below,,,,I don't have much energy,"0= Not True (as far as you know), 1= Somewhat or Sometimes True, 2= Very True or Often True",1,1,0,oo,2,,,Youth Self Report
2060,qr20,Below,,,,"I am unhappy, sad, or depressed","0= Not True (as far as you know), 1= Somewhat or Sometimes True, 2= Very True or Often True",1,1,0,oo,2,,,Youth Self Report
2061,qr20,Below,,,,I am louder than other kids,"0= Not True (as far as you know), 1= Somewhat or Sometimes True, 2= Very True or Often True",1,1,0,oo,2,,,Youth Self Report
2062,qr20,Below,,,,I use drugs for nonmedical purposes (don't include alcohol or tobacco) (describe):,"0= Not True (as far as you know), 1= Somewhat or Sometimes True, 2= Very True or Often True",1,1,0,oo,2,,,Youth Self Report
2063,qr20,Below,,,,I like to be fair to others,"0= Not True (as far as you know), 1= Somewhat or Sometimes True, 2= Very True or Often True",1,1,0,0,oo,,,Youth Self Report
2064,qr20,Below,,,,I enjoy a good joke,"0= Not True (as far as you know), 1= Somewhat or Sometimes True, 2= Very True or Often True",1,1,0,0,oo,,,Youth Self Report
2065,qr20,Below,,,,I like to take life easy,"0= Not True (as far as you know), 1= Somewhat or Sometimes True, 2= Very True or Often True",1,1,0,0,oo,,,Youth Self Report
2066,qr20,Below,,,,I like to help other people when I can,"0= Not True (as far as you know), 1= Somewhat or Sometimes True, 2= Very True or Often True",1,1,0,0,oo,,,Youth Self Report
2067,qr20,Below,,,,I wish I were of the opposite sex,"0= Not True (as far as you know), 1= Somewhat or Sometimes True, 2= Very True or Often True",1,1,0,oo,2,,,Youth Self Report
2068,qr20,Below,,,,I keep from getting involved with others,"0= Not True (as far as you know), 1= Somewhat or Sometimes True, 2= Very True or Often True",1,1,0,oo,2,,,Youth Self Report
2069,qr20,Below,,,,I worry a lot,"0= Not True (as far as you know), 1= Somewhat or Sometimes True, 2= Very True or Often True",1,1,0,oo,2,,,Youth Self Report