entry-level domain,questionnaire domain,Field Label,"Choices, Calculations, OR Slider Labels",Section Header,Form Display Name,Form Name,Field Type,Variable / Field Name,Allow,Questionnaire,Form Name with spaces,Text Validation Min,Text Validation Max
,,Learner ID,,Please mark what best fits the student,Conduct/Oppositional defiance (PSC-17),PSC17,4,1,autoAdvance,PSC-17,PSC17,,
,Conduct/Oppositional defiance,Refuses to share,"0=Never, 1=Sometimes, 2=Often",,Conduct/Oppositional defiance (PSC-17),PSC17,1,2,autoAdvance,PSC-17,PSC17,,
,Conduct/Oppositional defiance,Comment,,,Conduct/Oppositional defiance (PSC-17),PSC17,4,3,"autoAdvance, dontKnow",PSC-17,PSC17,,
,Conduct/Oppositional defiance,Does not understand other people’s feelings,"0=Never, 1=Sometimes, 2=Often",,Conduct/Oppositional defiance (PSC-17),PSC17,1,4,autoAdvance,PSC-17,PSC17,,
,Conduct/Oppositional defiance,Comment,,,Conduct/Oppositional defiance (PSC-17),PSC17,4,5,"autoAdvance, dontKnow",PSC-17,PSC17,,
,Conduct/Oppositional defiance,Fights with other children,"0=Never, 1=Sometimes, 2=Often",,Conduct/Oppositional defiance (PSC-17),PSC17,1,6,autoAdvance,PSC-17,PSC17,,
,Conduct/Oppositional defiance,Comment,,,Conduct/Oppositional defiance (PSC-17),PSC17,4,7,"autoAdvance, dontKnow",PSC-17,PSC17,,
,Conduct/Oppositional defiance,Blames others for his or her troubles,"0=Never, 1=Sometimes, 2=Often",,Conduct/Oppositional defiance (PSC-17),PSC17,1,8,autoAdvance,PSC-17,PSC17,,
,Conduct/Oppositional defiance,Comment,,,Conduct/Oppositional defiance (PSC-17),PSC17,4,9,"autoAdvance, dontKnow",PSC-17,PSC17,,
,Conduct/Oppositional defiance,Does not listen to rules,"0=Never, 1=Sometimes, 2=Often",,Conduct/Oppositional defiance (PSC-17),PSC17,1,10,autoAdvance,PSC-17,PSC17,,
,Conduct/Oppositional defiance,Comment,,,Conduct/Oppositional defiance (PSC-17),PSC17,4,11,"autoAdvance, dontKnow",PSC-17,PSC17,,
,Conduct/Oppositional defiance,Teases others,"0=Never, 1=Sometimes, 2=Often",,Conduct/Oppositional defiance (PSC-17),PSC17,1,12,autoAdvance,PSC-17,PSC17,,
,Conduct/Oppositional defiance,Comment,,,Conduct/Oppositional defiance (PSC-17),PSC17,4,13,"autoAdvance, dontKnow",PSC-17,PSC17,,
,Conduct/Oppositional defiance,Takes things that do not belong to him or her,"0=Never, 1=Sometimes, 2=Often",,Conduct/Oppositional defiance (PSC-17),PSC17,1,14,autoAdvance,PSC-17,PSC17,,
,Conduct/Oppositional defiance,Comment,,,Conduct/Oppositional defiance (PSC-17),PSC17,4,15,"autoAdvance, dontKnow",PSC-17,PSC17,,
,,Learner ID,,"For each item listed below, how does this child compare to other children of the same age? Please select the best rating basedon your observations over the past month.
Compared to other children, how does this child do the following:",Attention/Activity/Impulsivity (SWAN),SWAN,4,16,autoAdvance,SWAN,SWAN,,
,Attention,Give close attention to detail and avoid careless mistakes,"3=Far Below Average, 2=Below Average, 3=Somewhat Below Average, 0=Average, -1=Somewhat Above Average, -2=Above Average, -3=Far Above Average",,Attention/Activity/Impulsivity (SWAN),SWAN,1,18,autoAdvance,SWAN,SWAN,,
,,Comment,,,Attention/Activity/Impulsivity (SWAN),SWAN,4,19,"autoAdvance, dontKnow",,SWAN,,
,Attention,Sustain attention on tasks or play activities,"3=Far Below Average, 2=Below Average, 3=Somewhat Below Average, 0=Average, -1=Somewhat Above Average, -2=Above Average, -3=Far Above Average",,Attention/Activity/Impulsivity (SWAN),SWAN,1,20,autoAdvance,SWAN,SWAN,,
,,Comment,,,Attention/Activity/Impulsivity (SWAN),SWAN,4,21,"autoAdvance, dontKnow",,SWAN,,
,Attention,Listen when spoken to directly,"3=Far Below Average, 2=Below Average, 3=Somewhat Below Average, 0=Average, -1=Somewhat Above Average, -2=Above Average, -3=Far Above Average",,Attention/Activity/Impulsivity (SWAN),SWAN,1,22,autoAdvance,SWAN,SWAN,,
,,Comment,,,Attention/Activity/Impulsivity (SWAN),SWAN,4,23,"autoAdvance, dontKnow",,SWAN,,
,Attention,Follow through on instructions & finish school work/chores,"3=Far Below Average, 2=Below Average, 3=Somewhat Below Average, 0=Average, -1=Somewhat Above Average, -2=Above Average, -3=Far Above Average",,Attention/Activity/Impulsivity (SWAN),SWAN,1,24,autoAdvance,SWAN,SWAN,,
,,Comment,,,Attention/Activity/Impulsivity (SWAN),SWAN,4,25,"autoAdvance, dontKnow",,SWAN,,
,Attention,Organize tasks and activities,"3=Far Below Average, 2=Below Average, 3=Somewhat Below Average, 0=Average, -1=Somewhat Above Average, -2=Above Average, -3=Far Above Average",,Attention/Activity/Impulsivity (SWAN),SWAN,1,26,autoAdvance,SWAN,SWAN,,
,,Comment,,,Attention/Activity/Impulsivity (SWAN),SWAN,4,27,"autoAdvance, dontKnow",,SWAN,,
,Attention,Engage in tasks that require sustained mental effort,"3=Far Below Average, 2=Below Average, 3=Somewhat Below Average, 0=Average, -1=Somewhat Above Average, -2=Above Average, -3=Far Above Average",,Attention/Activity/Impulsivity (SWAN),SWAN,1,28,autoAdvance,SWAN,SWAN,,
,,Comment,,,Attention/Activity/Impulsivity (SWAN),SWAN,4,29,"autoAdvance, dontKnow",,SWAN,,
,Attention,Keep track of things necessary for activities,"3=Far Below Average, 2=Below Average, 3=Somewhat Below Average, 0=Average, -1=Somewhat Above Average, -2=Above Average, -3=Far Above Average",,Attention/Activity/Impulsivity (SWAN),SWAN,1,30,autoAdvance,SWAN,SWAN,,
,,Comment,,,Attention/Activity/Impulsivity (SWAN),SWAN,4,31,"autoAdvance, dontKnow",,SWAN,,
,Attention,Ignore extraneous stimuli,"3=Far Below Average, 2=Below Average, 3=Somewhat Below Average, 0=Average, -1=Somewhat Above Average, -2=Above Average, -3=Far Above Average",,Attention/Activity/Impulsivity (SWAN),SWAN,1,32,autoAdvance,SWAN,SWAN,,
,,Comment,,,Attention/Activity/Impulsivity (SWAN),SWAN,4,33,"autoAdvance, dontKnow",,SWAN,,
,Attention,Remember daily activities,"3=Far Below Average, 2=Below Average, 3=Somewhat Below Average, 0=Average, -1=Somewhat Above Average, -2=Above Average, -3=Far Above Average",,Attention/Activity/Impulsivity (SWAN),SWAN,1,34,autoAdvance,SWAN,SWAN,,
,,Comment,,,Attention/Activity/Impulsivity (SWAN),SWAN,4,35,"autoAdvance, dontKnow",,SWAN,,
,Activity/Impulsivity,Sit still (control movement of hands/feet or control squirming),"3=Far Below Average, 2=Below Average, 3=Somewhat Below Average, 0=Average, -1=Somewhat Above Average, -2=Above Average, -3=Far Above Average",,Attention/Activity/Impulsivity (SWAN),SWAN,1,36,autoAdvance,SWAN,SWAN,,
,,Comment,,,Attention/Activity/Impulsivity (SWAN),SWAN,4,37,"autoAdvance, dontKnow",,SWAN,,
,Activity/Impulsivity,Stay seated (when required by class rules/social conventions),"3=Far Below Average, 2=Below Average, 3=Somewhat Below Average, 0=Average, -1=Somewhat Above Average, -2=Above Average, -3=Far Above Average",,Attention/Activity/Impulsivity (SWAN),SWAN,1,38,autoAdvance,SWAN,SWAN,,
,,Comment,,,Attention/Activity/Impulsivity (SWAN),SWAN,4,39,"autoAdvance, dontKnow",,SWAN,,
,Activity/Impulsivity,Modulate motor activity (inhibit inappropriate running/climbing),"3=Far Below Average, 2=Below Average, 3=Somewhat Below Average, 0=Average, -1=Somewhat Above Average, -2=Above Average, -3=Far Above Average",,Attention/Activity/Impulsivity (SWAN),SWAN,1,40,autoAdvance,SWAN,SWAN,,
,,Comment,,,Attention/Activity/Impulsivity (SWAN),SWAN,4,41,"autoAdvance, dontKnow",,SWAN,,
,Activity/Impulsivity,Play quietly (keep noise level reasonable),"3=Far Below Average, 2=Below Average, 3=Somewhat Below Average, 0=Average, -1=Somewhat Above Average, -2=Above Average, -3=Far Above Average",,Attention/Activity/Impulsivity (SWAN),SWAN,1,42,autoAdvance,SWAN,SWAN,,
,,Comment,,,Attention/Activity/Impulsivity (SWAN),SWAN,4,43,"autoAdvance, dontKnow",,SWAN,,
,Activity/Impulsivity,Settle down and rest (control constant activity),"3=Far Below Average, 2=Below Average, 3=Somewhat Below Average, 0=Average, -1=Somewhat Above Average, -2=Above Average, -3=Far Above Average",,Attention/Activity/Impulsivity (SWAN),SWAN,1,44,autoAdvance,SWAN,SWAN,,
,,Comment,,,Attention/Activity/Impulsivity (SWAN),SWAN,4,45,"autoAdvance, dontKnow",,SWAN,,
,Activity/Impulsivity,Modulate verbal activity (control excess talking),"3=Far Below Average, 2=Below Average, 3=Somewhat Below Average, 0=Average, -1=Somewhat Above Average, -2=Above Average, -3=Far Above Average",,Attention/Activity/Impulsivity (SWAN),SWAN,1,46,autoAdvance,SWAN,SWAN,,
,,Comment,,,Attention/Activity/Impulsivity (SWAN),SWAN,4,47,"autoAdvance, dontKnow",,SWAN,,
,Activity/Impulsivity,Reflect on questions (control blurting out answers),"3=Far Below Average, 2=Below Average, 3=Somewhat Below Average, 0=Average, -1=Somewhat Above Average, -2=Above Average, -3=Far Above Average",,Attention/Activity/Impulsivity (SWAN),SWAN,1,48,autoAdvance,SWAN,SWAN,,
,,Comment,,,Attention/Activity/Impulsivity (SWAN),SWAN,4,49,"autoAdvance, dontKnow",,SWAN,,
,Activity/Impulsivity,Await turn (stand in line and take turns),"3=Far Below Average, 2=Below Average, 3=Somewhat Below Average, 0=Average, -1=Somewhat Above Average, -2=Above Average, -3=Far Above Average",,Attention/Activity/Impulsivity (SWAN),SWAN,1,50,autoAdvance,SWAN,SWAN,,
,,Comment,,,Attention/Activity/Impulsivity (SWAN),SWAN,4,51,"autoAdvance, dontKnow",,SWAN,,
,Activity/Impulsivity,Enter into conversation & games (control interrupting/intruding),"3=Far Below Average, 2=Below Average, 3=Somewhat Below Average, 0=Average, -1=Somewhat Above Average, -2=Above Average, -3=Far Above Average",,Attention/Activity/Impulsivity (SWAN),SWAN,1,52,autoAdvance,SWAN,SWAN,,
,,Comment,,,Attention/Activity/Impulsivity (SWAN),SWAN,4,53,"autoAdvance, dontKnow",,SWAN,,
,,Learner ID,,Please answer the following questions based on this child’s behavior. Please answer all questions (make your best guess if you are uncertain).  ,Comprehension and Conceptual Learning (LEAF),Comprehension_and_Conceptual_Learning,4,54,autoAdvance,LEAF,Comprehension and Conceptual Learning,,
,Comprehension and Conceptual Learning,Doesn’t seem to understand things that are said to him/her,"0=Never (Not a problem; Average for age), 1=Sometimes (A little more than average, Not a big problem), 2=Often (Causes problems; Happens almost every day), 3=Very Often (Major daily problem)",,Comprehension and Conceptual Learning (LEAF),Comprehension_and_Conceptual_Learning,1,55,autoAdvance,LEAF,Comprehension and Conceptual Learning,,
,,Comment,,,Comprehension and Conceptual Learning (LEAF),Comprehension_and_Conceptual_Learning,4,56,"autoAdvance, dontKnow",,Comprehension and Conceptual Learning,,
,Comprehension and Conceptual Learning,Has difficulty following long conversations or explanations.,"0=Never (Not a problem; Average for age), 1=Sometimes (A little more than average, Not a big problem), 2=Often (Causes problems; Happens almost every day), 3=Very Often (Major daily problem)",,Comprehension and Conceptual Learning (LEAF),Comprehension_and_Conceptual_Learning,1,57,autoAdvance,LEAF,Comprehension and Conceptual Learning,,
,,Comment,,,Comprehension and Conceptual Learning (LEAF),Comprehension_and_Conceptual_Learning,4,58,"autoAdvance, dontKnow",,Comprehension and Conceptual Learning,,
,Comprehension and Conceptual Learning,Poor comprehension of reading material.,"0=Never (Not a problem; Average for age), 1=Sometimes (A little more than average, Not a big problem), 2=Often (Causes problems; Happens almost every day), 3=Very Often (Major daily problem)",,Comprehension and Conceptual Learning (LEAF),Comprehension_and_Conceptual_Learning,1,59,autoAdvance,LEAF,Comprehension and Conceptual Learning,,
,,Comment,,,Comprehension and Conceptual Learning (LEAF),Comprehension_and_Conceptual_Learning,4,60,"autoAdvance, dontKnow",,Comprehension and Conceptual Learning,,
,Comprehension and Conceptual Learning,Doesn’t “get the point” of what is being said.,"0=Never (Not a problem; Average for age), 1=Sometimes (A little more than average, Not a big problem), 2=Often (Causes problems; Happens almost every day), 3=Very Often (Major daily problem)",,Comprehension and Conceptual Learning (LEAF),Comprehension_and_Conceptual_Learning,1,61,autoAdvance,LEAF,Comprehension and Conceptual Learning,,
,,Comment,,,Comprehension and Conceptual Learning (LEAF),Comprehension_and_Conceptual_Learning,4,62,"autoAdvance, dontKnow",,Comprehension and Conceptual Learning,,
,Comprehension and Conceptual Learning,Doesn’t really understand new learning materials.,"0=Never (Not a problem; Average for age), 1=Sometimes (A little more than average, Not a big problem), 2=Often (Causes problems; Happens almost every day), 3=Very Often (Major daily problem)",,Comprehension and Conceptual Learning (LEAF),Comprehension_and_Conceptual_Learning,1,63,autoAdvance,LEAF,Comprehension and Conceptual Learning,,
,,Comment,,,Comprehension and Conceptual Learning (LEAF),Comprehension_and_Conceptual_Learning,4,64,"autoAdvance, dontKnow",,Comprehension and Conceptual Learning,,
,,Learner ID,,Please answer the following questions based on this child’s behavior. Please answer all questions (make your best guess if you are uncertain).  ,Math (LEAF),Math,4,65,autoAdvance,LEAF,Math,,
,Math,Math is difficult for him/her.,"0=Never (Not a problem; Average for age), 1=Sometimes (A little more than average, Not a big problem), 2=Often (Causes problems; Happens almost every day), 3=Very Often (Major daily problem)",,Math (LEAF),Math,1,66,autoAdvance,LEAF,Math,,
,,Comment,,,Math (LEAF),Math,4,67,"autoAdvance, dontKnow",,Math,,
,Math,Slow at math.,"0=Never (Not a problem; Average for age), 1=Sometimes (A little more than average, Not a big problem), 2=Often (Causes problems; Happens almost every day), 3=Very Often (Major daily problem)",,Math (LEAF),Math,1,68,autoAdvance,LEAF,Math,,
,,Comment,,,Math (LEAF),Math,4,69,"autoAdvance, dontKnow",,Math,,
,Math,Makes mistakes during arithmetic calculations or counting.,"0=Never (Not a problem; Average for age), 1=Sometimes (A little more than average, Not a big problem), 2=Often (Causes problems; Happens almost every day), 3=Very Often (Major daily problem)",,Math (LEAF),Math,1,70,autoAdvance,LEAF,Math,,
,,Comment,,,Math (LEAF),Math,4,71,"autoAdvance, dontKnow",,Math,,
,Math,Prefers reading and language subjects to math.,"0=Never (Not a problem; Average for age), 1=Sometimes (A little more than average, Not a big problem), 2=Often (Causes problems; Happens almost every day), 3=Very Often (Major daily problem)",,Math (LEAF),Math,1,72,autoAdvance,LEAF,Math,,
,,Comment,,,Math (LEAF),Math,4,73,"autoAdvance, dontKnow",,Math,,
,Math,Takes a long time to learn new mathematics operations or concepts.,"0=Never (Not a problem; Average for age), 1=Sometimes (A little more than average, Not a big problem), 2=Often (Causes problems; Happens almost every day), 3=Very Often (Major daily problem)",,Math (LEAF),Math,1,74,autoAdvance,LEAF,Math,,
,,Comment,,,Math (LEAF),Math,4,75,"autoAdvance, dontKnow",,Math,,
,,Learner ID,,Please answer the following questions based on this child’s behavior. Please answer all questions (make your best guess if you are uncertain).  ,Reading (LEAF),Reading,4,76,autoAdvance,LEAF,Reading,,
,Reading,Reading is slow.,"0=Never (Not a problem; Average for age), 1=Sometimes (A little more than average, Not a big problem), 2=Often (Causes problems; Happens almost every day), 3=Very Often (Major daily problem)",,Reading (LEAF),Reading,1,77,autoAdvance,LEAF,Reading,,
,,Comment,,,Reading (LEAF),Reading,4,78,"autoAdvance, dontKnow",,Reading,,
,Reading,Has trouble sounding out new words when reading,"0=Never (Not a problem; Average for age), 1=Sometimes (A little more than average, Not a big problem), 2=Often (Causes problems; Happens almost every day), 3=Very Often (Major daily problem)",,Reading (LEAF),Reading,1,79,autoAdvance,LEAF,Reading,,
,,Comment,,,Reading (LEAF),Reading,4,80,"autoAdvance, dontKnow",,Reading,,
,Reading,Reading is hesitant or choppy; doesn’t read smoothly.,"0=Never (Not a problem; Average for age), 1=Sometimes (A little more than average, Not a big problem), 2=Often (Causes problems; Happens almost every day), 3=Very Often (Major daily problem)",,Reading (LEAF),Reading,1,81,autoAdvance,LEAF,Reading,,
,,Comment,,,Reading (LEAF),Reading,4,82,"autoAdvance, dontKnow",,Reading,,
,Reading,Makes mistakes when sounding out or pronouncing words in reading.,"0=Never (Not a problem; Average for age), 1=Sometimes (A little more than average, Not a big problem), 2=Often (Causes problems; Happens almost every day), 3=Very Often (Major daily problem)",,Reading (LEAF),Reading,1,83,autoAdvance,LEAF,Reading,,
,,Comment,,,Reading (LEAF),Reading,4,84,"autoAdvance, dontKnow",,Reading,,
,Reading,Skips or mistakes words during reading.,"0=Never (Not a problem; Average for age), 1=Sometimes (A little more than average, Not a big problem), 2=Often (Causes problems; Happens almost every day), 3=Very Often (Major daily problem)",,Reading (LEAF),Reading,1,85,autoAdvance,LEAF,Reading,,
,,Comment,,,Reading (LEAF),Reading,4,86,"autoAdvance, dontKnow",,Reading,,
,,Learner ID,,Please answer the following questions based on this child’s behavior. Please answer all questions (make your best guess if you are uncertain).  ,Writing (LEAF),Writing,4,87,autoAdvance,LEAF,Writing,,
,Writing,Writing is slow.,"0=Never (Not a problem; Average for age), 1=Sometimes (A little more than average, Not a big problem), 2=Often (Causes problems; Happens almost every day), 3=Very Often (Major daily problem)",,Writing (LEAF),Writing,1,88,autoAdvance,LEAF,Writing,,
,,Comment,,,Writing (LEAF),Writing,4,89,"autoAdvance, dontKnow",,Writing,,
,Writing,"Written expression is very simple (basic, immature).","0=Never (Not a problem; Average for age), 1=Sometimes (A little more than average, Not a big problem), 2=Often (Causes problems; Happens almost every day), 3=Very Often (Major daily problem)",,Writing (LEAF),Writing,1,90,autoAdvance,LEAF,Writing,,
,,Comment,,,Writing (LEAF),Writing,4,91,"autoAdvance, dontKnow",,Writing,,
,Writing,"Makes errors in grammar, punctuation, or spelling when writing sentences.","0=Never (Not a problem; Average for age), 1=Sometimes (A little more than average, Not a big problem), 2=Often (Causes problems; Happens almost every day), 3=Very Often (Major daily problem)",,Writing (LEAF),Writing,1,92,autoAdvance,LEAF,Writing,,
,,Comment,,,Writing (LEAF),Writing,4,93,"autoAdvance, dontKnow",,Writing,,
,Writing,Has difficulty explaining things or expressing self in writing.,"0=Never (Not a problem; Average for age), 1=Sometimes (A little more than average, Not a big problem), 2=Often (Causes problems; Happens almost every day), 3=Very Often (Major daily problem)",,Writing (LEAF),Writing,1,94,autoAdvance,LEAF,Writing,,
,,Comment,,,Writing (LEAF),Writing,4,95,"autoAdvance, dontKnow",,Writing,,
,Writing,Struggles with subjects that require writing.,"0=Never (Not a problem; Average for age), 1=Sometimes (A little more than average, Not a big problem), 2=Often (Causes problems; Happens almost every day), 3=Very Often (Major daily problem)",,Writing (LEAF),Writing,1,96,autoAdvance,LEAF,Writing,,
,,Comment,,,Writing (LEAF),Writing,4,97,"autoAdvance, dontKnow",,Writing,,
,,Learner ID,,Please answer the following questions based on this child’s behavior. Please answer all questions (make your best guess if you are uncertain).  ,Processing speed (LEAF),Processing_speed,4,98,autoAdvance,LEAF,Processing speed,,
,Processing speed,"Has trouble completing work quickly, even when motivated to do well.","0=Never (Not a problem; Average for age), 1=Sometimes (A little more than average, Not a big problem), 2=Often (Causes problems; Happens almost every day), 3=Very Often (Major daily problem)",,Processing speed (LEAF),Processing_speed,1,99,autoAdvance,LEAF,Processing speed,,
,,Comment,,,Processing speed (LEAF),Processing_speed,4,100,"autoAdvance, dontKnow",,Processing speed,,
,Processing speed,Works deliberately and slowly on schoolwork and homework.,"0=Never (Not a problem; Average for age), 1=Sometimes (A little more than average, Not a big problem), 2=Often (Causes problems; Happens almost every day), 3=Very Often (Major daily problem)",,Processing speed (LEAF),Processing_speed,1,101,autoAdvance,LEAF,Processing speed,,
,,Comment,,,Processing speed (LEAF),Processing_speed,4,102,"autoAdvance, dontKnow",,Processing speed,,
,Processing speed,Writes and/or reads slowly.,"0=Never (Not a problem; Average for age), 1=Sometimes (A little more than average, Not a big problem), 2=Often (Causes problems; Happens almost every day), 3=Very Often (Major daily problem)",,Processing speed (LEAF),Processing_speed,1,103,autoAdvance,LEAF,Processing speed,,
,,Comment,,,Processing speed (LEAF),Processing_speed,4,104,"autoAdvance, dontKnow",,Processing speed,,
,Processing speed,Needs extra time to complete tests or other work.,"0=Never (Not a problem; Average for age), 1=Sometimes (A little more than average, Not a big problem), 2=Often (Causes problems; Happens almost every day), 3=Very Often (Major daily problem)",,Processing speed (LEAF),Processing_speed,1,105,autoAdvance,LEAF,Processing speed,,
,,Comment,,,Processing speed (LEAF),Processing_speed,4,106,"autoAdvance, dontKnow",,Processing speed,,
,Processing speed,Is slow to get started on things.,"0=Never (Not a problem; Average for age), 1=Sometimes (A little more than average, Not a big problem), 2=Often (Causes problems; Happens almost every day), 3=Very Often (Major daily problem)",,Processing speed (LEAF),Processing_speed,1,107,autoAdvance,LEAF,Processing speed,,
,,Comment,,,Processing speed (LEAF),Processing_speed,4,108,"autoAdvance, dontKnow",,Processing speed,,
,,Learner ID,,Please answer the following questions based on this child’s behavior. Please answer all questions (make your best guess if you are uncertain).  ,Learning new things (LEAF),Learning_new_things,4,109,autoAdvance,LEAF,Learning new things,,
,Learning new things,Struggles when learning new materials.,"0=Never (Not a problem; Average for age), 1=Sometimes (A little more than average, Not a big problem), 2=Often (Causes problems; Happens almost every day), 3=Very Often (Major daily problem)",,Learning new things (LEAF),Learning_new_things,1,110,autoAdvance,LEAF,Learning new things,,
,,Comment,,,Learning new things (LEAF),Learning_new_things,4,111,"autoAdvance, dontKnow",,Learning new things,,
,Learning new things,Does not solve problems independently (needs help on new problems).,"0=Never (Not a problem; Average for age), 1=Sometimes (A little more than average, Not a big problem), 2=Often (Causes problems; Happens almost every day), 3=Very Often (Major daily problem)",,Learning new things (LEAF),Learning_new_things,1,112,autoAdvance,LEAF,Learning new things,,
,,Comment,,,Learning new things (LEAF),Learning_new_things,4,113,"autoAdvance, dontKnow",,Learning new things,,
,Learning new things,"Resists learning anything that is unfamiliar, new, or different","0=Never (Not a problem; Average for age), 1=Sometimes (A little more than average, Not a big problem), 2=Often (Causes problems; Happens almost every day), 3=Very Often (Major daily problem)",,Learning new things (LEAF),Learning_new_things,1,114,autoAdvance,LEAF,Learning new things,,
,,Comment,,,Learning new things (LEAF),Learning_new_things,4,115,"autoAdvance, dontKnow",,Learning new things,,
,Learning new things,"Has difficulty with new situations, new people, or unfamiliar settings","0=Never (Not a problem; Average for age), 1=Sometimes (A little more than average, Not a big problem), 2=Often (Causes problems; Happens almost every day), 3=Very Often (Major daily problem)",,Learning new things (LEAF),Learning_new_things,1,116,autoAdvance,LEAF,Learning new things,,
,,Comment,,,Learning new things (LEAF),Learning_new_things,4,117,"autoAdvance, dontKnow",,Learning new things,,
,Learning new things,Avoids new experiences.,"0=Never (Not a problem; Average for age), 1=Sometimes (A little more than average, Not a big problem), 2=Often (Causes problems; Happens almost every day), 3=Very Often (Major daily problem)",,Learning new things (LEAF),Learning_new_things,1,118,autoAdvance,LEAF,Learning new things,,
,,Comment,,,Learning new things (LEAF),Learning_new_things,4,119,"autoAdvance, dontKnow",,Learning new things,,
,,Learner ID,,Please answer the following questions based on this child’s behavior. Please answer all questions (make your best guess if you are uncertain).  ,Visual-Spatial Organization (LEAF),Visual-Spatial_Organization,4,120,autoAdvance,LEAF,Visual-Spatial Organization,,
,Visual-Spatial Organization,Poor organization.,"0=Never (Not a problem; Average for age), 1=Sometimes (A little more than average, Not a big problem), 2=Often (Causes problems; Happens almost every day), 3=Very Often (Major daily problem)",,Visual-Spatial Organization (LEAF),Visual-Spatial_Organization,1,121,autoAdvance,LEAF,Visual-Spatial Organization,,
,,Comment,,,Visual-Spatial Organization (LEAF),Visual-Spatial_Organization,4,122,"autoAdvance, dontKnow",,Visual-Spatial Organization,,
,Visual-Spatial Organization,"Room, desk, locker, work area, etc. is very messy","0=Never (Not a problem; Average for age), 1=Sometimes (A little more than average, Not a big problem), 2=Often (Causes problems; Happens almost every day), 3=Very Often (Major daily problem)",,Visual-Spatial Organization (LEAF),Visual-Spatial_Organization,1,123,autoAdvance,LEAF,Visual-Spatial Organization,,
,,Comment,,,Visual-Spatial Organization (LEAF),Visual-Spatial_Organization,4,124,"autoAdvance, dontKnow",,Visual-Spatial Organization,,
,Visual-Spatial Organization,Not very good with puzzles or putting things together.,"0=Never (Not a problem; Average for age), 1=Sometimes (A little more than average, Not a big problem), 2=Often (Causes problems; Happens almost every day), 3=Very Often (Major daily problem)",,Visual-Spatial Organization (LEAF),Visual-Spatial_Organization,1,125,autoAdvance,LEAF,Visual-Spatial Organization,,
,,Comment,,,Visual-Spatial Organization (LEAF),Visual-Spatial_Organization,4,126,"autoAdvance, dontKnow",,Visual-Spatial Organization,,
,Visual-Spatial Organization,Drawing and/or handwriting is poor.,"0=Never (Not a problem; Average for age), 1=Sometimes (A little more than average, Not a big problem), 2=Often (Causes problems; Happens almost every day), 3=Very Often (Major daily problem)",,Visual-Spatial Organization (LEAF),Visual-Spatial_Organization,1,127,autoAdvance,LEAF,Visual-Spatial Organization,,
,,Comment,,,Visual-Spatial Organization (LEAF),Visual-Spatial_Organization,4,128,"autoAdvance, dontKnow",,Visual-Spatial Organization,,
,Visual-Spatial Organization,Doesn’t pay attention to visual details in the environment.,"0=Never (Not a problem; Average for age), 1=Sometimes (A little more than average, Not a big problem), 2=Often (Causes problems; Happens almost every day), 3=Very Often (Major daily problem)",,Visual-Spatial Organization (LEAF),Visual-Spatial_Organization,1,129,autoAdvance,LEAF,Visual-Spatial Organization,,
,,Comment,,,Visual-Spatial Organization (LEAF),Visual-Spatial_Organization,4,130,"autoAdvance, dontKnow",,Visual-Spatial Organization,,
,,Learner ID,,Please answer the following questions based on this child’s behavior. Please answer all questions (make your best guess if you are uncertain).  ,Planning and organization (LEAF),Planning_and_organization,4,131,autoAdvance,LEAF,Planning and organization,,
,Planning and organization,Doesn’t plan ahead.,"0=Never (Not a problem; Average for age), 1=Sometimes (A little more than average, Not a big problem), 2=Often (Causes problems; Happens almost every day), 3=Very Often (Major daily problem)",,Planning and organization (LEAF),Planning_and_organization,1,132,autoAdvance,LEAF,Planning and organization,,
,,Comment,,,Planning and organization (LEAF),Planning_and_organization,4,133,"autoAdvance, dontKnow",,Planning and organization,,
,Planning and organization,Doesn’t learn from punishment or other past experiences.,"0=Never (Not a problem; Average for age), 1=Sometimes (A little more than average, Not a big problem), 2=Often (Causes problems; Happens almost every day), 3=Very Often (Major daily problem)",,Planning and organization (LEAF),Planning_and_organization,1,134,autoAdvance,LEAF,Planning and organization,,
,,Comment,,,Planning and organization (LEAF),Planning_and_organization,4,135,"autoAdvance, dontKnow",,Planning and organization,,
,Planning and organization,Has trouble with long assignments or multistep directions.,"0=Never (Not a problem; Average for age), 1=Sometimes (A little more than average, Not a big problem), 2=Often (Causes problems; Happens almost every day), 3=Very Often (Major daily problem)",,Planning and organization (LEAF),Planning_and_organization,1,136,autoAdvance,LEAF,Planning and organization,,
,,Comment,,,Planning and organization (LEAF),Planning_and_organization,4,137,"autoAdvance, dontKnow",,Planning and organization,,
,Planning and organization,Loses track of step-by-step directions.,"0=Never (Not a problem; Average for age), 1=Sometimes (A little more than average, Not a big problem), 2=Often (Causes problems; Happens almost every day), 3=Very Often (Major daily problem)",,Planning and organization (LEAF),Planning_and_organization,1,138,autoAdvance,LEAF,Planning and organization,,
,,Comment,,,Planning and organization (LEAF),Planning_and_organization,4,139,"autoAdvance, dontKnow",,Planning and organization,,
,Planning and organization,Doesn’t complete tasks in proper order; Haphazard in approaching problems.,"0=Never (Not a problem; Average for age), 1=Sometimes (A little more than average, Not a big problem), 2=Often (Causes problems; Happens almost every day), 3=Very Often (Major daily problem)",,Planning and organization (LEAF),Planning_and_organization,1,140,autoAdvance,LEAF,Planning and organization,,
,,Comment,,,Planning and organization (LEAF),Planning_and_organization,4,141,"autoAdvance, dontKnow",,Planning and organization,,
,,Learner ID,,"Choose the statement that you think best corresponds to your student's functioning in everyday situations, compared to children of their own age. Have in mind the student's present functioning, i.e. within the last 6 months. To get the most correct picture of your student's functioning, it is important that you complete the whole questionnaire.",Language (5-15),Language,4,142,autoAdvance,5-15,Language,,
,Language,Difficulty understanding explanations and instructions,"0=Does not apply, 1=Applies sometimes, 2=Applies",,Language (5-15),Language,1,143,autoAdvance,5-15,Language,,
,,Comment,,,Language (5-15),Language,4,144,"autoAdvance, dontKnow",,Language,,
,Language,Difficulty following stories read aloud,"0=Does not apply, 1=Applies sometimes, 2=Applies",,Language (5-15),Language,1,145,autoAdvance,5-15,Language,,
,,Comment,,,Language (5-15),Language,4,146,"autoAdvance, dontKnow",,Language,,
,Language,"Difficulty perceiving what other people say (often says “what?”, ”what do you mean?”)","0=Does not apply, 1=Applies sometimes, 2=Applies",,Language (5-15),Language,1,147,autoAdvance,5-15,Language,,
,,Comment,,,Language (5-15),Language,4,148,"autoAdvance, dontKnow",,Language,,
,Language,"Difficulty with abstract concepts such as “the day after tomorrow”, ”in the right order”","0=Does not apply, 1=Applies sometimes, 2=Applies",,Language (5-15),Language,1,149,autoAdvance,5-15,Language,,
,,Comment,,,Language (5-15),Language,4,150,"autoAdvance, dontKnow",,Language,,
,Language,Tends to misinterpret what is said,"0=Does not apply, 1=Applies sometimes, 2=Applies",,Language (5-15),Language,1,151,autoAdvance,5-15,Language,,
,,Comment,,,Language (5-15),Language,4,152,"autoAdvance, dontKnow",,Language,,
,Language,Uncertain of speech sounds and tends to misarticulate words,"0=Does not apply, 1=Applies sometimes, 2=Applies",,Language (5-15),Language,1,153,autoAdvance,5-15,Language,,
,,Comment,,,Language (5-15),Language,4,154,"autoAdvance, dontKnow",,Language,,
,Language,"Difficulty learning the names of colors, people, letters etc","0=Does not apply, 1=Applies sometimes, 2=Applies",,Language (5-15),Language,1,155,autoAdvance,5-15,Language,,
,,Comment,,,Language (5-15),Language,4,156,"autoAdvance, dontKnow",,Language,,
,Language,"Difficulty finding words or explaining to other people, says: “the, the, the ...”","0=Does not apply, 1=Applies sometimes, 2=Applies",,Language (5-15),Language,1,157,autoAdvance,5-15,Language,,
,,Comment,,,Language (5-15),Language,4,158,"autoAdvance, dontKnow",,Language,,
,Language,"Tends to remember words incorrectly, says ”arm bow” instead of ”elbow”, refers to ”pointer” instead of ”index” etc.","0=Does not apply, 1=Applies sometimes, 2=Applies",,Language (5-15),Language,1,159,autoAdvance,5-15,Language,,
,,Comment,,,Language (5-15),Language,4,160,"autoAdvance, dontKnow",,Language,,
,Language,Difficulty explaining what he/she wants,"0=Does not apply, 1=Applies sometimes, 2=Applies",,Language (5-15),Language,1,161,autoAdvance,5-15,Language,,
,,Comment,,,Language (5-15),Language,4,162,"autoAdvance, dontKnow",,Language,,
,Language,Difficulty speaking fluently without any breaks,"0=Does not apply, 1=Applies sometimes, 2=Applies",,Language (5-15),Language,1,163,autoAdvance,5-15,Language,,
,,Comment,,,Language (5-15),Language,4,164,"autoAdvance, dontKnow",,Language,,
,Language,"Difficulty expressing him/herself in whole sentences, in grammatically correct sentences, or inflecting words","0=Does not apply, 1=Applies sometimes, 2=Applies",,Language (5-15),Language,1,165,autoAdvance,5-15,Language,,
,,Comment,,,Language (5-15),Language,4,166,"autoAdvance, dontKnow",,Language,,
,Language,"Pronounces specific sounds incorrectly (has a lisp, difficulty pronouncing the sound of ”r”, nasal voice etc.)","0=Does not apply, 1=Applies sometimes, 2=Applies",,Language (5-15),Language,1,167,autoAdvance,5-15,Language,,
,,Comment,,,Language (5-15),Language,4,168,"autoAdvance, dontKnow",,Language,,
,Language,"Difficulty pronouncing complex words such as ”electric”, ”screwdriver” etc.","0=Does not apply, 1=Applies sometimes, 2=Applies",,Language (5-15),Language,1,169,autoAdvance,5-15,Language,,
,,Comment,,,Language (5-15),Language,4,170,"autoAdvance, dontKnow",,Language,,
,Language,Has a hoarse voice,"0=Does not apply, 1=Applies sometimes, 2=Applies",,Language (5-15),Language,1,171,autoAdvance,5-15,Language,,
,,Comment,,,Language (5-15),Language,4,172,"autoAdvance, dontKnow",,Language,,
,Language,Stutters,"0=Does not apply, 1=Applies sometimes, 2=Applies",,Language (5-15),Language,1,173,autoAdvance,5-15,Language,,
,,Comment,,,Language (5-15),Language,4,174,"autoAdvance, dontKnow",,Language,,
,Language,Speaks so rapidly that it is difficult to comprehend what he/she is saying,"0=Does not apply, 1=Applies sometimes, 2=Applies",,Language (5-15),Language,1,175,autoAdvance,5-15,Language,,
,,Comment,,,Language (5-15),Language,4,176,"autoAdvance, dontKnow",,Language,,
,Language,Has a muddled speech,"0=Does not apply, 1=Applies sometimes, 2=Applies",,Language (5-15),Language,1,177,autoAdvance,5-15,Language,,
,,Comment,,,Language (5-15),Language,4,178,"autoAdvance, dontKnow",,Language,,
,Language,"Difficulty telling about experiences or situations so that the listener understands (e.g., what happened during the day or during the summer vacation)","0=Does not apply, 1=Applies sometimes, 2=Applies",,Language (5-15),Language,1,179,autoAdvance,5-15,Language,,
,,Comment,,,Language (5-15),Language,4,180,"autoAdvance, dontKnow",,Language,,
,Language,Difficulty keeping ”on track” when telling other people something,"0=Does not apply, 1=Applies sometimes, 2=Applies",,Language (5-15),Language,1,181,autoAdvance,5-15,Language,,
,,Comment,,,Language (5-15),Language,4,182,"autoAdvance, dontKnow",,Language,,
,Language,"Difficulty taking part in a conversation, e.g., problems shifting from listening to talking","0=Does not apply, 1=Applies sometimes, 2=Applies",,Language (5-15),Language,1,183,autoAdvance,5-15,Language,,
,,Comment,,,Language (5-15),Language,4,184,"autoAdvance, dontKnow",,Language,,
,,Learner ID,,"Choose the statement that you think best corresponds to your student's functioning in everyday situations, compared to children of their own age. Have in mind the student's present functioning, i.e. within the last 6 months. To get the most correct picture of your student's functioning, it is important that you complete the whole questionnaire.",Motor skills (5-15),Motor_Skills,4,185,autoAdvance,5-15,Motor Skills,,
,Motor Skills,"Difficulty acquiring new motor skills, such as learning how to ride a bike, skate, swim","0=Does not apply, 1=Applies sometimes, 2=Applies",,Motor skills (5-15),Motor_Skills,1,186,autoAdvance,5-15,Motor Skills,,
,,Comment,,,Motor skills (5-15),Motor_Skills,4,187,"autoAdvance, dontKnow",,Motor Skills,,
,Motor Skills,Difficulty throwing and catching a ball,"0=Does not apply, 1=Applies sometimes, 2=Applies",,Motor skills (5-15),Motor_Skills,1,188,autoAdvance,5-15,Motor Skills,,
,,Comment,,,Motor skills (5-15),Motor_Skills,4,189,"autoAdvance, dontKnow",,Motor Skills,,
,Motor Skills,Difficulty running fast,"0=Does not apply, 1=Applies sometimes, 2=Applies",,Motor skills (5-15),Motor_Skills,1,190,autoAdvance,5-15,Motor Skills,,
,,Comment,,,Motor skills (5-15),Motor_Skills,4,191,"autoAdvance, dontKnow",,Motor Skills,,
,Motor Skills,"Has difficulties or does not like to participate in game sports such as soccer/football, land hockey, basketball","0=Does not apply, 1=Applies sometimes, 2=Applies",,Motor skills (5-15),Motor_Skills,1,192,autoAdvance,5-15,Motor Skills,,
,,Comment,,,Motor skills (5-15),Motor_Skills,4,193,"autoAdvance, dontKnow",,Motor Skills,,
,Motor Skills,"Balance problems; for instance, has difficulty standing on one leg","0=Does not apply, 1=Applies sometimes, 2=Applies",,Motor skills (5-15),Motor_Skills,1,194,autoAdvance,5-15,Motor Skills,,
,,Comment,,,Motor skills (5-15),Motor_Skills,4,195,"autoAdvance, dontKnow",,Motor Skills,,
,Motor Skills,Often stumbles and falls,"0=Does not apply, 1=Applies sometimes, 2=Applies",,Motor skills (5-15),Motor_Skills,1,196,autoAdvance,5-15,Motor Skills,,
,,Comment,,,Motor skills (5-15),Motor_Skills,4,197,"autoAdvance, dontKnow",,Motor Skills,,
,Motor Skills,Clumsy or awkward movements,"0=Does not apply, 1=Applies sometimes, 2=Applies",,Motor skills (5-15),Motor_Skills,1,198,autoAdvance,5-15,Motor Skills,,
,,Comment,,,Motor skills (5-15),Motor_Skills,4,199,"autoAdvance, dontKnow",,Motor Skills,,
,Motor Skills,"Does not like to draw, has difficulties drawing figures that represent something","0=Does not apply, 1=Applies sometimes, 2=Applies",,Motor skills (5-15),Motor_Skills,1,200,autoAdvance,5-15,Motor Skills,,
,,Comment,,,Motor skills (5-15),Motor_Skills,4,201,"autoAdvance, dontKnow",,Motor Skills,,
,Motor Skills,"Difficulty handling, assembling and manipulating small objects","0=Does not apply, 1=Applies sometimes, 2=Applies",,Motor skills (5-15),Motor_Skills,1,202,autoAdvance,5-15,Motor Skills,,
,,Comment,,,Motor skills (5-15),Motor_Skills,4,203,"autoAdvance, dontKnow",,Motor Skills,,
,Motor Skills,Difficulty pouring water into a glass without spilling,"0=Does not apply, 1=Applies sometimes, 2=Applies",,Motor skills (5-15),Motor_Skills,1,204,autoAdvance,5-15,Motor Skills,,
,,Comment,,,Motor skills (5-15),Motor_Skills,4,205,"autoAdvance, dontKnow",,Motor Skills,,
,Motor Skills,Often spills food onto clothes or table when eating,"0=Does not apply, 1=Applies sometimes, 2=Applies",,Motor skills (5-15),Motor_Skills,1,206,autoAdvance,5-15,Motor Skills,,
,,Comment,,,Motor skills (5-15),Motor_Skills,4,207,"autoAdvance, dontKnow",,Motor Skills,,
,Motor Skills,Difficulty using knife and fork,"0=Does not apply, 1=Applies sometimes, 2=Applies",,Motor skills (5-15),Motor_Skills,1,208,autoAdvance,5-15,Motor Skills,,
,,Comment,,,Motor skills (5-15),Motor_Skills,4,209,"autoAdvance, dontKnow",,Motor Skills,,
,Motor Skills,Difficulty buttoning or tying shoe-laces,"0=Does not apply, 1=Applies sometimes, 2=Applies",,Motor skills (5-15),Motor_Skills,1,210,autoAdvance,5-15,Motor Skills,,
,,Comment,,,Motor skills (5-15),Motor_Skills,4,211,"autoAdvance, dontKnow",,Motor Skills,,
,Motor Skills,"Difficulty using a pen (e.g., presses too hard, hand is shaking)","0=Does not apply, 1=Applies sometimes, 2=Applies",,Motor skills (5-15),Motor_Skills,1,212,autoAdvance,5-15,Motor Skills,,
,,Comment,,,Motor skills (5-15),Motor_Skills,4,213,"autoAdvance, dontKnow",,Motor Skills,,
,Motor Skills,"Has not developed clear hand preference, i.e., is neither clearly right-handed nor left-handed","0=Does not apply, 1=Applies sometimes, 2=Applies",,Motor skills (5-15),Motor_Skills,1,214,autoAdvance,5-15,Motor Skills,,
,,Comment,,,Motor skills (5-15),Motor_Skills,4,215,"autoAdvance, dontKnow",,Motor Skills,,
,Motor Skills,Writing is slow and laborious/hard to read the result,"0=Does not apply, 1=Applies sometimes, 2=Applies",,Motor skills (5-15),Motor_Skills,1,216,autoAdvance,5-15,Motor Skills,,
,,Comment,,,Motor skills (5-15),Motor_Skills,4,217,"autoAdvance, dontKnow",,Motor Skills,,
,Motor Skills,"Immature pencil-grip, holds the pen in an unusual manner","0=Does not apply, 1=Applies sometimes, 2=Applies",,Motor skills (5-15),Motor_Skills,1,218,autoAdvance,5-15,Motor Skills,,
,,Comment,,,Motor skills (5-15),Motor_Skills,4,219,"autoAdvance, dontKnow",,Motor Skills,,
,,Learner ID,,"Choose the statement that you think best corresponds to your student's functioning in everyday situations, compared to children of their own age. Have in mind the student's present functioning, i.e. within the last 6 months. To get the most correct picture of your student's functioning, it is important that you complete the whole questionnaire.",Memory (5-15),Memory,4,220,autoAdvance,5-15,Memory,,
,Memory,"Difficulty remembering information about personal data, such as date of birth, home address etc.","0=Does not apply, 1=Applies sometimes, 2=Applies",,Memory (5-15),Memory,1,221,autoAdvance,5-15,Memory,,
,,Comment,,,Memory (5-15),Memory,4,222,"autoAdvance, dontKnow",,Memory,,
,Memory,"Difficulty remembering the names of other people (e.g., name of teacher, school peers)","0=Does not apply, 1=Applies sometimes, 2=Applies",,Memory (5-15),Memory,1,223,autoAdvance,5-15,Memory,,
,,Comment,,,Memory (5-15),Memory,4,224,"autoAdvance, dontKnow",,Memory,,
,Memory,"Difficulty remembering the names of weekdays, months and seasons","0=Does not apply, 1=Applies sometimes, 2=Applies",,Memory (5-15),Memory,1,225,autoAdvance,5-15,Memory,,
,,Comment,,,Memory (5-15),Memory,4,226,"autoAdvance, dontKnow",,Memory,,
,Memory,"Difficulty remembering non-personal facts learned at school (e.g., historic events, chemical formulas etc.)","0=Does not apply, 1=Applies sometimes, 2=Applies",,Memory (5-15),Memory,1,227,autoAdvance,5-15,Memory,,
,,Comment,,,Memory (5-15),Memory,4,228,"autoAdvance, dontKnow",,Memory,,
,Memory,"Difficulty remembering what has occurred recently, as who has phoned or, what he/she ate a few hours ago etc.","0=Does not apply, 1=Applies sometimes, 2=Applies",,Memory (5-15),Memory,1,229,autoAdvance,5-15,Memory,,
,,Comment,,,Memory (5-15),Memory,4,230,"autoAdvance, dontKnow",,Memory,,
,Memory,"Difficulty remembering events that occurred some time ago, such as what happened on a trip, what Christmas presents he/she got etc.","0=Does not apply, 1=Applies sometimes, 2=Applies",,Memory (5-15),Memory,1,231,autoAdvance,5-15,Memory,,
,,Comment,,,Memory (5-15),Memory,4,232,"autoAdvance, dontKnow",,Memory,,
,Memory,Difficulty remembering where he/she put things,"0=Does not apply, 1=Applies sometimes, 2=Applies",,Memory (5-15),Memory,1,233,autoAdvance,5-15,Memory,,
,,Comment,,,Memory (5-15),Memory,4,234,"autoAdvance, dontKnow",,Memory,,
,Memory,Difficulty remembering appointments with peers or what home-work he/she has got,"0=Does not apply, 1=Applies sometimes, 2=Applies",,Memory (5-15),Memory,1,235,autoAdvance,5-15,Memory,,
,,Comment,,,Memory (5-15),Memory,4,236,"autoAdvance, dontKnow",,Memory,,
,Memory,"Difficulty learning rhymes, songs, multiplication tables etc.by heart","0=Does not apply, 1=Applies sometimes, 2=Applies",,Memory (5-15),Memory,1,237,autoAdvance,5-15,Memory,,
,,Comment,,,Memory (5-15),Memory,4,238,"autoAdvance, dontKnow",,Memory,,
,Memory,Difficulty remembering long or multiple-step instructions,"0=Does not apply, 1=Applies sometimes, 2=Applies",,Memory (5-15),Memory,1,239,autoAdvance,5-15,Memory,,
,,Comment,,,Memory (5-15),Memory,4,240,"autoAdvance, dontKnow",,Memory,,
,Memory,"Difficulty acquiring new skills, such as rules of new play or games","0=Does not apply, 1=Applies sometimes, 2=Applies",,Memory (5-15),Memory,1,241,autoAdvance,5-15,Memory,,
,,Comment,,,Memory (5-15),Memory,4,242,"autoAdvance, dontKnow",,Memory,,
,,Learner ID,,"Choose the statement that you think best corresponds to your student's functioning in everyday situations, compared to children of their own age. Have in mind the student's present functioning, i.e. within the last 6 months. To get the most correct picture of your student's functioning, it is important that you complete the whole questionnaire.",Repetitive behaviours (5-15),Repetitive_behaviours,4,243,autoAdvance,5-15,Repetitive behaviours,,
,Repetitive behaviours,Compulsively repeats some activities or has habits that are very difficult to change,"0=Does not apply, 1=Applies sometimes, 2=Applies",,Repetitive behaviours (5-15),Repetitive_behaviours,1,244,autoAdvance,5-15,Repetitive behaviours,,
,,Comment,,,Repetitive behaviours (5-15),Repetitive_behaviours,4,245,"autoAdvance, dontKnow",,Repetitive behaviours,,
,Repetitive behaviours,Has obsessive/fixed ideas,"0=Does not apply, 1=Applies sometimes, 2=Applies",,Repetitive behaviours (5-15),Repetitive_behaviours,1,246,autoAdvance,5-15,Repetitive behaviours,,
,,Comment,,,Repetitive behaviours (5-15),Repetitive_behaviours,4,247,"autoAdvance, dontKnow",,Repetitive behaviours,,
,Repetitive behaviours,"Has involuntary movements, tics, twitches or facial grimaces","0=Does not apply, 1=Applies sometimes, 2=Applies",,Repetitive behaviours (5-15),Repetitive_behaviours,1,248,autoAdvance,5-15,Repetitive behaviours,,
,,Comment,,,Repetitive behaviours (5-15),Repetitive_behaviours,4,249,"autoAdvance, dontKnow",,Repetitive behaviours,,
,Repetitive behaviours,"Repeats meaningless movements, such as head shaking, body jerking and finger drumming","0=Does not apply, 1=Applies sometimes, 2=Applies",,Repetitive behaviours (5-15),Repetitive_behaviours,1,250,autoAdvance,5-15,Repetitive behaviours,,
,,Comment,,,Repetitive behaviours (5-15),Repetitive_behaviours,4,251,"autoAdvance, dontKnow",,Repetitive behaviours,,
,Repetitive behaviours,"Emits unmotivated sounds such as throat clearing, sneezing, swallowing, barking, shouting etc","0=Does not apply, 1=Applies sometimes, 2=Applies",,Repetitive behaviours (5-15),Repetitive_behaviours,1,252,autoAdvance,5-15,Repetitive behaviours,,
,,Comment,,,Repetitive behaviours (5-15),Repetitive_behaviours,4,253,"autoAdvance, dontKnow",,Repetitive behaviours,,
,Repetitive behaviours,"Difficulty keeping quiet, e.g., whistles, hums, mumbles","0=Does not apply, 1=Applies sometimes, 2=Applies",,Repetitive behaviours (5-15),Repetitive_behaviours,1,254,autoAdvance,5-15,Repetitive behaviours,,
,,Comment,,,Repetitive behaviours (5-15),Repetitive_behaviours,4,255,"autoAdvance, dontKnow",,Repetitive behaviours,,
,Repetitive behaviours,Repeats words or parts of words in a meaningless way,"0=Does not apply, 1=Applies sometimes, 2=Applies",,Repetitive behaviours (5-15),Repetitive_behaviours,1,256,autoAdvance,5-15,Repetitive behaviours,,
,,Comment,,,Repetitive behaviours (5-15),Repetitive_behaviours,4,257,"autoAdvance, dontKnow",,Repetitive behaviours,,
,Repetitive behaviours,Uses dirty words or language in an exaggerated way,"0=Does not apply, 1=Applies sometimes, 2=Applies",,Repetitive behaviours (5-15),Repetitive_behaviours,1,258,autoAdvance,5-15,Repetitive behaviours,,
,,Comment,,,Repetitive behaviours (5-15),Repetitive_behaviours,4,259,"autoAdvance, dontKnow",,Repetitive behaviours,,
,,Learner ID,,"Choose the statement that you think best corresponds to your student's functioning in everyday situations, compared to children of their own age. Have in mind the student's present functioning, i.e. within the last 6 months. To get the most correct picture of your student's functioning, it is important that you complete the whole questionnaire.",Planning and organizing (5-15),Planning_and_organizing,4,260,autoAdvance,5-15,Planning and organizing,,
,Planning and organizing,"Difficulty understanding consequences of own actions (e.g., climbs in dangerous places, careless in traffic)","0=Does not apply, 1=Applies sometimes, 2=Applies",,Planning and organizing (5-15),Planning_and_organizing,1,261,autoAdvance,5-15,Planning and organizing,,
,,Comment,,,Planning and organizing (5-15),Planning_and_organizing,4,262,"autoAdvance, dontKnow",,Planning and organizing,,
,Planning and organizing,"Difficulty planning and preparing for tasks (e.g., collecting equipment needed for an outing or for school)","0=Does not apply, 1=Applies sometimes, 2=Applies",,Planning and organizing (5-15),Planning_and_organizing,1,263,autoAdvance,5-15,Planning and organizing,,
,,Comment,,,Planning and organizing (5-15),Planning_and_organizing,4,264,"autoAdvance, dontKnow",,Planning and organizing,,
,Planning and organizing,"Difficulty completing sequential tasks (e.g., young children: getting dressed in the morning without constant reminders; older children: completing home work without constant reminders)","0=Does not apply, 1=Applies sometimes, 2=Applies",,Planning and organizing (5-15),Planning_and_organizing,1,265,autoAdvance,5-15,Planning and organizing,,
,,Comment,,,Planning and organizing (5-15),Planning_and_organizing,4,266,"autoAdvance, dontKnow",,Planning and organizing,,
,,Learner ID,,"Choose the statement that you think best corresponds to your student's functioning in everyday situations, compared to children of their own age. Have in mind the student's present functioning, i.e. within the last 6 months. To get the most correct picture of your student's functioning, it is important that you complete the whole questionnaire.",Social Skills (5-15),Social_Skills,4,267,autoAdvance,5-15,Social Skills,,
,Social Skills,"Does not understand other people’s social cues, e.g., facial expressions, gestures, tone of voice, or body language","0=Does not apply, 1=Applies sometimes, 2=Applies",,Social Skills (5-15),Social_Skills,1,268,autoAdvance,5-15,Social Skills,,
,,Comment,,,Social Skills (5-15),Social_Skills,4,269,"autoAdvance, dontKnow",,Social Skills,,
,Social Skills,Difficulty understanding the feelings of other people,"0=Does not apply, 1=Applies sometimes, 2=Applies",,Social Skills (5-15),Social_Skills,1,270,autoAdvance,5-15,Social Skills,,
,,Comment,,,Social Skills (5-15),Social_Skills,4,271,"autoAdvance, dontKnow",,Social Skills,,
,Social Skills,Difficulty responding to the needs of other people,"0=Does not apply, 1=Applies sometimes, 2=Applies",,Social Skills (5-15),Social_Skills,1,272,autoAdvance,5-15,Social Skills,,
,,Comment,,,Social Skills (5-15),Social_Skills,4,273,"autoAdvance, dontKnow",,Social Skills,,
,Social Skills,"Difficulty verbally explaining emotions when feeling lonely, being bored etc.","0=Does not apply, 1=Applies sometimes, 2=Applies",,Social Skills (5-15),Social_Skills,1,274,autoAdvance,5-15,Social Skills,,
,,Comment,,,Social Skills (5-15),Social_Skills,4,275,"autoAdvance, dontKnow",,Social Skills,,
,Social Skills,Speaks with a monotonous or strange voice,"0=Does not apply, 1=Applies sometimes, 2=Applies",,Social Skills (5-15),Social_Skills,1,276,autoAdvance,5-15,Social Skills,,
,,Comment,,,Social Skills (5-15),Social_Skills,4,277,"autoAdvance, dontKnow",,Social Skills,,
,Social Skills,Difficulty expressing emotions and reactions with facial gestures or body language,"0=Does not apply, 1=Applies sometimes, 2=Applies",,Social Skills (5-15),Social_Skills,1,278,autoAdvance,5-15,Social Skills,,
,,Comment,,,Social Skills (5-15),Social_Skills,4,279,"autoAdvance, dontKnow",,Social Skills,,
,Social Skills,Seems ”old fashioned” in styleand behavior?,"0=Does not apply, 1=Applies sometimes, 2=Applies",,Social Skills (5-15),Social_Skills,1,280,autoAdvance,5-15,Social Skills,,
,,Comment,,,Social Skills (5-15),Social_Skills,4,281,"autoAdvance, dontKnow",,Social Skills,,
,Social Skills,Difficulty behaving as expected by peers,"0=Does not apply, 1=Applies sometimes, 2=Applies",,Social Skills (5-15),Social_Skills,1,282,autoAdvance,5-15,Social Skills,,
,,Comment,,,Social Skills (5-15),Social_Skills,4,283,"autoAdvance, dontKnow",,Social Skills,,
,Social Skills,"Difficulty realizing how to behave in different social situations, such as when visiting relatives together with parents, when visiting friends, seeing a doctor, going to the cinema, etc.","0=Does not apply, 1=Applies sometimes, 2=Applies",,Social Skills (5-15),Social_Skills,1,284,autoAdvance,5-15,Social Skills,,
,,Comment,,,Social Skills (5-15),Social_Skills,4,285,"autoAdvance, dontKnow",,Social Skills,,
,Social Skills,"Is perceived by peers as different, odd, or eccentric","0=Does not apply, 1=Applies sometimes, 2=Applies",,Social Skills (5-15),Social_Skills,1,286,autoAdvance,5-15,Social Skills,,
,,Comment,,,Social Skills (5-15),Social_Skills,4,287,"autoAdvance, dontKnow",,Social Skills,,
,Social Skills,Unintentionally makes a fool of himself so that parents feel embarrassed or peers start laughing,"0=Does not apply, 1=Applies sometimes, 2=Applies",,Social Skills (5-15),Social_Skills,1,288,autoAdvance,5-15,Social Skills,,
,,Comment,,,Social Skills (5-15),Social_Skills,4,289,"autoAdvance, dontKnow",,Social Skills,,
,Social Skills,Unintentionally makes a fool of himself so that parents feel embarrassed or peers start laughing,"0=Does not apply, 1=Applies sometimes, 2=Applies",,Social Skills (5-15),Social_Skills,1,290,autoAdvance,5-15,Social Skills,,
,,Comment,,,Social Skills (5-15),Social_Skills,4,291,"autoAdvance, dontKnow",,Social Skills,,
,Social Skills,Has a weak sense of humour,"0=Does not apply, 1=Applies sometimes, 2=Applies",,Social Skills (5-15),Social_Skills,1,292,autoAdvance,5-15,Social Skills,,
,,Comment,,,Social Skills (5-15),Social_Skills,4,293,"autoAdvance, dontKnow",,Social Skills,,
,Social Skills,Blurts out socially inappropriate comments,"0=Does not apply, 1=Applies sometimes, 2=Applies",,Social Skills (5-15),Social_Skills,1,294,autoAdvance,5-15,Social Skills,,
,,Comment,,,Social Skills (5-15),Social_Skills,4,295,"autoAdvance, dontKnow",,Social Skills,,
,Social Skills,Difficulty comprehending rules or prohibitions,"0=Does not apply, 1=Applies sometimes, 2=Applies",,Social Skills (5-15),Social_Skills,1,296,autoAdvance,5-15,Social Skills,,
,,Comment,,,Social Skills (5-15),Social_Skills,4,297,"autoAdvance, dontKnow",,Social Skills,,
,Social Skills,Often quarrels with peers,"0=Does not apply, 1=Applies sometimes, 2=Applies",,Social Skills (5-15),Social_Skills,1,298,autoAdvance,5-15,Social Skills,,
,,Comment,,,Social Skills (5-15),Social_Skills,4,299,"autoAdvance, dontKnow",,Social Skills,,
,Social Skills,"Difficulty understanding and respecting other people’s rights, for example, that younger children need more help than older ones, and that parents should be left alone when they demand it, etc.","0=Does not apply, 1=Applies sometimes, 2=Applies",,Social Skills (5-15),Social_Skills,1,300,autoAdvance,5-15,Social Skills,,
,,Comment,,,Social Skills (5-15),Social_Skills,4,301,"autoAdvance, dontKnow",,Social Skills,,
,Social Skills,"Difficulty in group or team activities or games, invents new rules for own benefit","0=Does not apply, 1=Applies sometimes, 2=Applies",,Social Skills (5-15),Social_Skills,1,302,autoAdvance,5-15,Social Skills,,
,,Comment,,,Social Skills (5-15),Social_Skills,4,303,"autoAdvance, dontKnow",,Social Skills,,
,Social Skills,Difficulty making friends,"0=Does not apply, 1=Applies sometimes, 2=Applies",,Social Skills (5-15),Social_Skills,1,304,autoAdvance,5-15,Social Skills,,
,,Comment,,,Social Skills (5-15),Social_Skills,4,305,"autoAdvance, dontKnow",,Social Skills,,
,Social Skills,Does not often interact with peers,"0=Does not apply, 1=Applies sometimes, 2=Applies",,Social Skills (5-15),Social_Skills,1,306,autoAdvance,5-15,Social Skills,,
,,Comment,,,Social Skills (5-15),Social_Skills,4,307,"autoAdvance, dontKnow",,Social Skills,,
,Social Skills,Difficulty to participate in group activities,"0=Does not apply, 1=Applies sometimes, 2=Applies",,Social Skills (5-15),Social_Skills,1,308,autoAdvance,5-15,Social Skills,,
,,Comment,,,Social Skills (5-15),Social_Skills,4,309,"autoAdvance, dontKnow",,Social Skills,,
,Social Skills,Not accepted by other children to participate in their games,"0=Does not apply, 1=Applies sometimes, 2=Applies",,Social Skills (5-15),Social_Skills,1,310,autoAdvance,5-15,Social Skills,,
,,Comment,,,Social Skills (5-15),Social_Skills,4,311,"autoAdvance, dontKnow",,Social Skills,,
,Social Skills,Does not care for physical contact such as hugs,"0=Does not apply, 1=Applies sometimes, 2=Applies",,Social Skills (5-15),Social_Skills,1,312,autoAdvance,5-15,Social Skills,,
,,Comment,,,Social Skills (5-15),Social_Skills,4,313,"autoAdvance, dontKnow",,Social Skills,,
,Social Skills,Has one or a few interests that take up considerable time and that impinge on relations with family and friends,"0=Does not apply, 1=Applies sometimes, 2=Applies",,Social Skills (5-15),Social_Skills,1,314,autoAdvance,5-15,Social Skills,,
,,Comment,,,Social Skills (5-15),Social_Skills,4,315,"autoAdvance, dontKnow",,Social Skills,,
,Social Skills,Repeats or gets stuck in seemingly meaningless behavioror activities,"0=Does not apply, 1=Applies sometimes, 2=Applies",,Social Skills (5-15),Social_Skills,1,316,autoAdvance,5-15,Social Skills,,
,,Comment,,,Social Skills (5-15),Social_Skills,4,317,"autoAdvance, dontKnow",,Social Skills,,
,Social Skills,Gets very upset by tiny changes in daily routines,"0=Does not apply, 1=Applies sometimes, 2=Applies",,Social Skills (5-15),Social_Skills,1,318,autoAdvance,5-15,Social Skills,,
,,Comment,,,Social Skills (5-15),Social_Skills,4,319,"autoAdvance, dontKnow",,Social Skills,,
,Social Skills,Eye contact in face to face situations is abnormal or missing,"0=Does not apply, 1=Applies sometimes, 2=Applies",,Social Skills (5-15),Social_Skills,1,320,autoAdvance,5-15,Social Skills,,
,,Comment,,,Social Skills (5-15),Social_Skills,4,321,"autoAdvance, dontKnow",,Social Skills,,
,,Learner ID,,"Choose the statement that you think best corresponds to your student's functioning in everyday situations, compared to children of their own age. Have in mind the student's present functioning, i.e. within the last 6 months. To get the most correct picture of your student's functioning, it is important that you complete the whole questionnaire.",Learning I (5-15),Learning_I,4,322,autoAdvance,5-15,Learning I,,
,Learning I,Difficulty understanding verbal instructions,"0=Does not apply, 1=Applies sometimes, 2=Applies",,Learning I (5-15),Learning_I,1,323,autoAdvance,5-15,Learning I,,
,,Comment,,,Learning I (5-15),Learning_I,4,324,"autoAdvance, dontKnow",,Learning I,,
,Learning I,"Difficulty understanding or using abstract terms, e.g., terms relating to size, volume, spatial directions","0=Does not apply, 1=Applies sometimes, 2=Applies",,Learning I (5-15),Learning_I,1,325,autoAdvance,5-15,Learning I,,
,,Comment,,,Learning I (5-15),Learning_I,4,326,"autoAdvance, dontKnow",,Learning I,,
,Learning I,Difficulty participating in discussions with other children,"0=Does not apply, 1=Applies sometimes, 2=Applies",,Learning I (5-15),Learning_I,1,327,autoAdvance,5-15,Learning I,,
,,Comment,,,Learning I (5-15),Learning_I,4,328,"autoAdvance, dontKnow",,Learning I,,
,Learning I,Difficulty learning facts or acquiring knowledge about the surrounding world.,"0=Does not apply, 1=Applies sometimes, 2=Applies",,Learning I (5-15),Learning_I,1,329,autoAdvance,5-15,Learning I,,
,,Comment,,,Learning I (5-15),Learning_I,4,330,"autoAdvance, dontKnow",,Learning I,,
,Learning I,Exceptional knowledge or skills in some area,"0=Does not apply, 1=Applies sometimes, 2=Applies",,Learning I (5-15),Learning_I,1,331,autoAdvance,5-15,Learning I,,
,,Comment,,,Learning I (5-15),Learning_I,4,332,"autoAdvance, dontKnow",,Learning I,,
,Learning I,"Is good at artistic or practical things (playing an instrument, drawing, painting, construction work)","0=Does not apply, 1=Applies sometimes, 2=Applies",,Learning I (5-15),Learning_I,1,333,autoAdvance,5-15,Learning I,,
,,Comment,,,Learning I (5-15),Learning_I,4,334,"autoAdvance, dontKnow",,Learning I,,
,,Learner ID,,"Choose the statement that you think best corresponds to your student's functioning in everyday situations, compared to children of their own age. Have in mind the student's present functioning, i.e. within the last 6 months. To get the most correct picture of your student's functioning, it is important that you complete the whole questionnaire.",Learning II (5-15),Learning_II,4,335,autoAdvance,5-15,Learning II,,
,Learning II,"Difficulty planning and organizing activities, (e.g., the order in which things should be done, how much time is needed to manage a specific task) ","0=Does not apply, 1=Applies sometimes, 2=Applies",,Learning II (5-15),Learning_II,1,336,autoAdvance,5-15,Learning II,,
,,Comment,,,Learning II (5-15),Learning_II,4,337,"autoAdvance, dontKnow",,Learning II,,
,Learning II,"Difficulty shifting plan or strategy when this is required (e.g., when the initial approach failed)","0=Does not apply, 1=Applies sometimes, 2=Applies",,Learning II (5-15),Learning_II,1,338,autoAdvance,5-15,Learning II,,
,,Comment,,,Learning II (5-15),Learning_II,4,339,"autoAdvance, dontKnow",,Learning II,,
,Learning II,Difficulty comprehending explanations and following instructions given by adults,"0=Does not apply, 1=Applies sometimes, 2=Applies",,Learning II (5-15),Learning_II,1,340,autoAdvance,5-15,Learning II,,
,,Comment,,,Learning II (5-15),Learning_II,4,341,"autoAdvance, dontKnow",,Learning II,,
,Learning II,"Difficulty solving abstract tasks (i.e., is dependent on learning material that can be seen or touched)","0=Does not apply, 1=Applies sometimes, 2=Applies",,Learning II (5-15),Learning_II,1,342,autoAdvance,5-15,Learning II,,
,,Comment,,,Learning II (5-15),Learning_II,4,343,"autoAdvance, dontKnow",,Learning II,,
,Learning II,"Difficulty keeping on trying and completing tasks, often leaves them half finished","0=Does not apply, 1=Applies sometimes, 2=Applies",,Learning II (5-15),Learning_II,1,344,autoAdvance,5-15,Learning II,,
,,Comment,,,Learning II (5-15),Learning_II,4,345,"autoAdvance, dontKnow",,Learning II,,
,Learning II,Unmotivated for school work or comparable learning situations,"0=Does not apply, 1=Applies sometimes, 2=Applies",,Learning II (5-15),Learning_II,1,346,autoAdvance,5-15,Learning II,,
,,Comment,,,Learning II (5-15),Learning_II,4,347,"autoAdvance, dontKnow",,Learning II,,
,Learning II,Learning is slow and laborious,"0=Does not apply, 1=Applies sometimes, 2=Applies",,Learning II (5-15),Learning_II,1,348,autoAdvance,5-15,Learning II,,
,,Comment,,,Learning II (5-15),Learning_II,4,349,"autoAdvance, dontKnow",,Learning II,,
,Learning II,"Does things too quickly, hastily, or in a hurry","0=Does not apply, 1=Applies sometimes, 2=Applies",,Learning II (5-15),Learning_II,1,350,autoAdvance,5-15,Learning II,,
,,Comment,,,Learning II (5-15),Learning_II,4,351,"autoAdvance, dontKnow",,Learning II,,
,Learning II,"Can/will not take responsibility for own actions, needs a lot of supervision","0=Does not apply, 1=Applies sometimes, 2=Applies",,Learning II (5-15),Learning_II,1,352,autoAdvance,5-15,Learning II,,
,,Comment,,,Learning II (5-15),Learning_II,4,353,"autoAdvance, dontKnow",,Learning II,,
,Learning II,"Very much in need of support, wants to know whether he/she is performing well","0=Does not apply, 1=Applies sometimes, 2=Applies",,Learning II (5-15),Learning_II,1,354,autoAdvance,5-15,Learning II,,
,,Comment,,,Learning II (5-15),Learning_II,4,355,"autoAdvance, dontKnow",,Learning II,,
,,Learner ID,,Below is a list of items that describe children. For each item please choose the response that best describes your child. Please answer all the items. ,Anxiety (SCAS),SCAS,4,356,autoAdvance,SCAS,SCAS,,
,Anxiety,My child worries about things,"0=Never, 1=Sometimes, 2=Often, 3=Always",,Anxiety (SCAS),SCAS,1,357,autoAdvance,SCAS,SCAS,,
,,Comment,,,Anxiety (SCAS),SCAS,4,358,"autoAdvance, dontKnow",,SCAS,,
,Anxiety,"When my child has a problem, s(he) complains of having a funny feeling in his / her stomach","0=Never, 1=Sometimes, 2=Often, 3=Always",,Anxiety (SCAS),SCAS,1,359,autoAdvance,SCAS,SCAS,,
,,Comment,,,Anxiety (SCAS),SCAS,4,360,"autoAdvance, dontKnow",,SCAS,,
,Anxiety,My child complains of feeling afraid,"0=Never, 1=Sometimes, 2=Often, 3=Always",,Anxiety (SCAS),SCAS,1,361,autoAdvance,SCAS,SCAS,,
,,Comment,,,Anxiety (SCAS),SCAS,4,362,"autoAdvance, dontKnow",,SCAS,,
,Anxiety,"When my child has a problem, s(he) complains of","0=Never, 1=Sometimes, 2=Often, 3=Always",,Anxiety (SCAS),SCAS,1,363,autoAdvance,SCAS,SCAS,,
,,Comment,,,Anxiety (SCAS),SCAS,4,364,"autoAdvance, dontKnow",,SCAS,,
,Anxiety,My child worries that something bad will happen to him/her,"0=Never, 1=Sometimes, 2=Often, 3=Always",,Anxiety (SCAS),SCAS,1,365,autoAdvance,SCAS,SCAS,,
,,Comment,,,Anxiety (SCAS),SCAS,4,366,"autoAdvance, dontKnow",,SCAS,,
,Anxiety,"When my child has a problem, (s)he feels shaky","0=Never, 1=Sometimes, 2=Often, 3=Always",,Anxiety (SCAS),SCAS,1,367,autoAdvance,SCAS,SCAS,,
,,Comment,,,Anxiety (SCAS),SCAS,4,368,"autoAdvance, dontKnow",,SCAS,,
,Anxiety,My child is scared when s(he) has to take a test,"0=Never, 1=Sometimes, 2=Often, 3=Always",,Anxiety (SCAS),SCAS,1,369,autoAdvance,SCAS,SCAS,,
,,Comment,,,Anxiety (SCAS),SCAS,4,370,"autoAdvance, dontKnow",,SCAS,,
,Anxiety,My child is afraid when (s)he has to use public toilets or bathrooms,"0=Never, 1=Sometimes, 2=Often, 3=Always",,Anxiety (SCAS),SCAS,1,371,autoAdvance,SCAS,SCAS,,
,,Comment,,,Anxiety (SCAS),SCAS,4,372,"autoAdvance, dontKnow",,SCAS,,
,Anxiety,My child feels afraid that (s)he will make a fool of him/herself in front of people,"0=Never, 1=Sometimes, 2=Often, 3=Always",,Anxiety (SCAS),SCAS,1,373,autoAdvance,SCAS,SCAS,,
,,Comment,,,Anxiety (SCAS),SCAS,4,374,"autoAdvance, dontKnow",,SCAS,,
,Anxiety,My child worries that (s)he will do badly at school,"0=Never, 1=Sometimes, 2=Often, 3=Always",,Anxiety (SCAS),SCAS,1,375,autoAdvance,SCAS,SCAS,,
,,Comment,,,Anxiety (SCAS),SCAS,4,376,"autoAdvance, dontKnow",,SCAS,,
,Anxiety,My child worries what other people think of him/her,"0=Never, 1=Sometimes, 2=Often, 3=Always",,Anxiety (SCAS),SCAS,1,377,autoAdvance,SCAS,SCAS,,
,,Comment,,,Anxiety (SCAS),SCAS,4,378,"autoAdvance, dontKnow",,SCAS,,
,Anxiety,My child feels afraid when (s)he has to talk in front of the class,"0=Never, 1=Sometimes, 2=Often, 3=Always",,Anxiety (SCAS),SCAS,1,379,autoAdvance,SCAS,SCAS,,
,,Comment,,,Anxiety (SCAS),SCAS,4,380,"autoAdvance, dontKnow",,SCAS,,
,Anxiety,My child would feel afraid of being on his/her own at home,"0=Never, 1=Sometimes, 2=Often, 3=Always",,Anxiety (SCAS),SCAS,1,381,autoAdvance,SCAS,SCAS,,
,,Comment,,,Anxiety (SCAS),SCAS,4,382,"autoAdvance, dontKnow",,SCAS,,
,Anxiety,My child worries about being away from us / me,"0=Never, 1=Sometimes, 2=Often, 3=Always",,Anxiety (SCAS),SCAS,1,383,autoAdvance,SCAS,SCAS,,
,,Comment,,,Anxiety (SCAS),SCAS,4,384,"autoAdvance, dontKnow",,SCAS,,
,Anxiety,My child worries that something awful will happen to someone in our family,"0=Never, 1=Sometimes, 2=Often, 3=Always",,Anxiety (SCAS),SCAS,1,385,autoAdvance,SCAS,SCAS,,
,,Comment,,,Anxiety (SCAS),SCAS,4,386,"autoAdvance, dontKnow",,SCAS,,
,Anxiety,My child is scared if (s)he has to sleep on his/her own,"0=Never, 1=Sometimes, 2=Often, 3=Always",,Anxiety (SCAS),SCAS,1,387,autoAdvance,SCAS,SCAS,,
,,Comment,,,Anxiety (SCAS),SCAS,4,388,"autoAdvance, dontKnow",,SCAS,,
,Anxiety,My child has trouble going to school in the mornings because (s)he feels nervous or afraid,"0=Never, 1=Sometimes, 2=Often, 3=Always",,Anxiety (SCAS),SCAS,1,389,autoAdvance,SCAS,SCAS,,
,,Comment,,,Anxiety (SCAS),SCAS,4,390,"autoAdvance, dontKnow",,SCAS,,
,Anxiety,My child would feel scared if (s)he had to stay away from home overnight,"0=Never, 1=Sometimes, 2=Often, 3=Always",,Anxiety (SCAS),SCAS,1,391,autoAdvance,SCAS,SCAS,,
,,Comment,,,Anxiety (SCAS),SCAS,4,392,"autoAdvance, dontKnow",,SCAS,,
,,Learner ID,,"This form is about how the student might have been feeling or acting recently. For each question, please check how s/he hasbeen feeling or acting in the past two weeks. If a sentence was not true about the student, check NOT TRUE. If a sentence was only sometimes true, check SOMETIMES.If a sentence was true about the student most of the time, check TRUE",Mood (MFQ-S),MFQS,4,393,autoAdvance,MFQ-S,MFQS,,
,Mood,S/he felt miserable or unhappy,"0=Not true,1=Sometimes true,2=True",,Mood (MFQ-S),MFQS,1,394,autoAdvance,MFQ-S,MFQS,,
,,Comment,,,Mood (MFQ-S),MFQS,4,395,"autoAdvance, dontKnow",,MFQS,,
,Mood,S/he didn’t enjoy anything at all,"0=Not true,1=Sometimes true,2=True",,Mood (MFQ-S),MFQS,1,396,autoAdvance,MFQ-S,MFQS,,
,,Comment,,,Mood (MFQ-S),MFQS,4,397,"autoAdvance, dontKnow",,MFQS,,
,Mood,S/he felt so tired that s/he just sat around and did nothing,"0=Not true,1=Sometimes true,2=True",,Mood (MFQ-S),MFQS,1,398,autoAdvance,MFQ-S,MFQS,,
,,Comment,,,Mood (MFQ-S),MFQS,4,399,"autoAdvance, dontKnow",,MFQS,,
,Mood,S/he was very restless,"0=Not true,1=Sometimes true,2=True",,Mood (MFQ-S),MFQS,1,400,autoAdvance,MFQ-S,MFQS,,
,,Comment,,,Mood (MFQ-S),MFQS,4,401,"autoAdvance, dontKnow",,MFQS,,
,Mood,S/he felt s/he was no good any more,"0=Not true,1=Sometimes true,2=True",,Mood (MFQ-S),MFQS,1,402,autoAdvance,MFQ-S,MFQS,,
,,Comment,,,Mood (MFQ-S),MFQS,4,403,"autoAdvance, dontKnow",,MFQS,,
,Mood,S/he cried a lot,"0=Not true,1=Sometimes true,2=True",,Mood (MFQ-S),MFQS,1,404,autoAdvance,MFQ-S,MFQS,,
,,Comment,,,Mood (MFQ-S),MFQS,4,405,"autoAdvance, dontKnow",,MFQS,,
,Mood,S/he found it hard to think properly or concentrate,"0=Not true,1=Sometimes true,2=True",,Mood (MFQ-S),MFQS,1,406,autoAdvance,MFQ-S,MFQS,,
,,Comment,,,Mood (MFQ-S),MFQS,4,407,"autoAdvance, dontKnow",,MFQS,,
,Mood,S/he hated him/herself,"0=Not true,1=Sometimes true,2=True",,Mood (MFQ-S),MFQS,1,408,autoAdvance,MFQ-S,MFQS,,
,,Comment,,,Mood (MFQ-S),MFQS,4,409,"autoAdvance, dontKnow",,MFQS,,
,Mood,S/he felt s/he was a bad person,"0=Not true,1=Sometimes true,2=True",,Mood (MFQ-S),MFQS,1,410,autoAdvance,MFQ-S,MFQS,,
,,Comment,,,Mood (MFQ-S),MFQS,4,411,"autoAdvance, dontKnow",,MFQS,,
,Mood,S/he felt lonely,"0=Not true,1=Sometimes true,2=True",,Mood (MFQ-S),MFQS,1,412,autoAdvance,MFQ-S,MFQS,,
,,Comment,,,Mood (MFQ-S),MFQS,4,413,"autoAdvance, dontKnow",,MFQS,,
,Mood,S/he thought nobody really loved him/her,"0=Not true,1=Sometimes true,2=True",,Mood (MFQ-S),MFQS,1,414,autoAdvance,MFQ-S,MFQS,,
,,Comment,,,Mood (MFQ-S),MFQS,4,415,"autoAdvance, dontKnow",,MFQS,,
,Mood,S/he thought s/he could never be as good as other kids,"0=Not true,1=Sometimes true,2=True",,Mood (MFQ-S),MFQS,1,416,autoAdvance,MFQ-S,MFQS,,
,,Comment,,,Mood (MFQ-S),MFQS,4,417,"autoAdvance, dontKnow",,MFQS,,
,Mood,S/he felt s/he did everything wrong,"0=Not true,1=Sometimes true,2=True",,Mood (MFQ-S),MFQS,1,418,autoAdvance,MFQ-S,MFQS,,
,,Comment,,,Mood (MFQ-S),MFQS,4,419,"autoAdvance, dontKnow",,MFQS,,
,,Learner ID,,"For each item, please mark the box for Not True, Somewhat True or Certainly True. In the last six months and compared to others of the same age, how well does each of the following statements describe the behavior/feelings of the student? Please try to answer all questions. ",Irritability (ARI),ARI,4,420,autoAdvance,ARI,ARI,,
,Irritability,Is easily annoyed by others,"0=Not true, 1=Somewhat true, 2=Certainly true",,Irritability (ARI),ARI,1,421,autoAdvance,ARI,ARI,,
,,Comment,,,Irritability (ARI),ARI,4,422,"autoAdvance, dontKnow",,ARI,,
,Irritability,Often loses his/her temper,"0=Not true, 1=Somewhat true, 2=Certainly true",,Irritability (ARI),ARI,1,423,autoAdvance,ARI,ARI,,
,,Comment,,,Irritability (ARI),ARI,4,424,"autoAdvance, dontKnow",,ARI,,
,Irritability,Stays angry for a long time,"0=Not true, 1=Somewhat true, 2=Certainly true",,Irritability (ARI),ARI,1,425,autoAdvance,ARI,ARI,,
,,Comment,,,Irritability (ARI),ARI,4,426,"autoAdvance, dontKnow",,ARI,,
,Irritability,Is angry most of the time,"0=Not true, 1=Somewhat true, 2=Certainly true",,Irritability (ARI),ARI,1,427,autoAdvance,ARI,ARI,,
,,Comment,,,Irritability (ARI),ARI,4,428,"autoAdvance, dontKnow",,ARI,,
,Irritability,Gets angry frequently,"0=Not true, 1=Somewhat true, 2=Certainly true",,Irritability (ARI),ARI,1,429,autoAdvance,ARI,ARI,,
,,Comment,,,Irritability (ARI),ARI,4,430,"autoAdvance, dontKnow",,ARI,,
,Irritability,Loses temper easily,"0=Not true, 1=Somewhat true, 2=Certainly true",,Irritability (ARI),ARI,1,431,autoAdvance,ARI,ARI,,
,,Comment,,,Irritability (ARI),ARI,4,432,"autoAdvance, dontKnow",,ARI,,
,Irritability,"Overall, irritability causes him/her problems","0=Not true, 1=Somewhat true, 2=Certainly true",,Irritability (ARI),ARI,1,433,autoAdvance,ARI,ARI,,
,,Comment,,,Irritability (ARI),ARI,4,434,"autoAdvance, dontKnow",,ARI,,
,Entry-level,Cooperativeness,"0=0,1=1,2=2,3=3,4=4,5=5,6=6,7=7,8=8,=9=9,10=10",,Entry-level,Entrylevel,3,435,,Entry-level,Entry-level,always cooperative,never cooperative
,Entry-level,Following rules,"0=0,1=1,2=2,3=3,4=4,5=5,6=6,7=7,8=8,=9=9,10=11",,Entry-level,Entrylevel,3,436,,Entry-level,Entry-level,always follows rules,never follows rules
,Entry-level,Risk taking,"0=0,1=1,2=2,3=3,4=4,5=5,6=6,7=7,8=8,=9=9,10=12",,Entry-level,Entrylevel,3,437,,Entry-level,Entry-level,never takes risks,highly risky behavior
,Entry-level,Activity,"0=0,1=1,2=2,3=3,4=4,5=5,6=6,7=7,8=8,=9=9,10=13",,Entry-level,Entrylevel,3,438,,Entry-level,Entry-level,sedentary,always moving
,Entry-level,Impulsivity,"0=0,1=1,2=2,3=3,4=4,5=5,6=6,7=7,8=8,=9=9,10=14",,Entry-level,Entrylevel,3,439,,Entry-level,Entry-level,very controlled,very impulsive
,Entry-level,Attention,"0=0,1=1,2=2,3=3,4=4,5=5,6=6,7=7,8=8,=9=9,10=15",,Entry-level,Entrylevel,3,440,,Entry-level,Entry-level,very focused,very distracted
,Entry-level,Planning and organization,"0=0,1=1,2=2,3=3,4=4,5=5,6=6,7=7,8=8,=9=9,10=16",,Entry-level,Entrylevel,3,441,,Entry-level,Entry-level,very organized,very disorganized
,Entry-level,Habits and repetitive behaviours,"0=0,1=1,2=2,3=3,4=4,5=5,6=6,7=7,8=8,=9=9,10=17",,Entry-level,Entrylevel,3,442,,Entry-level,Entry-level,no repetitive behaviors/routines,highly repetitive behaviours/routines
,Entry-level,Irritability,"0=0,1=1,2=2,3=3,4=4,5=5,6=6,7=7,8=8,=9=9,10=18",,Entry-level,Entrylevel,3,443,,Entry-level,Entry-level,never irritated,easily irritated
,Entry-level,Mood,"0=0,1=1,2=2,3=3,4=4,5=5,6=6,7=7,8=8,=9=9,10=19",,Entry-level,Entrylevel,3,444,,Entry-level,Entry-level,euphoric,sad
,Entry-level,Emotional stability,"0=0,1=1,2=2,3=3,4=4,5=5,6=6,7=7,8=8,=9=9,10=20",,Entry-level,Entrylevel,3,445,,Entry-level,Entry-level,apathy,easily excitable
,Entry-level,Fears/Worries,"0=0,1=1,2=2,3=3,4=4,5=5,6=6,7=7,8=8,=9=9,10=21",,Entry-level,Entrylevel,3,446,,Entry-level,Entry-level,never worries,persistently worries
,Entry-level,Diet,"0=0,1=1,2=2,3=3,4=4,5=5,6=6,7=7,8=8,=9=9,10=22",,Entry-level,Entrylevel,3,447,,Entry-level,Entry-level,rarely hungry,always hungry
,Entry-level,Sleep,"0=0,1=1,2=2,3=3,4=4,5=5,6=6,7=7,8=8,=9=9,10=23",,Entry-level,Entrylevel,3,448,,Entry-level,Entry-level,never sleepy,always sleepy
,Entry-level,Social behaviour,"0=0,1=1,2=2,3=3,4=4,5=5,6=6,7=7,8=8,=9=9,10=24",,Entry-level,Entrylevel,3,449,,Entry-level,Entry-level,loner,always socially engaged
,Entry-level,Social skills,"0=0,1=1,2=2,3=3,4=4,5=5,6=6,7=7,8=8,=9=9,10=25",,Entry-level,Entrylevel,3,450,,Entry-level,Entry-level,congenial,socially indifferent
,Entry-level,Substance Abuse,"0=0,1=1,2=2,3=3,4=4,5=5,6=6,7=7,8=8,=9=9,10=26",,Entry-level,Entrylevel,3,451,,Entry-level,Entry-level,never uses substances,habitual user
,Entry-level,Empathy,"0=0,1=1,2=2,3=3,4=4,5=5,6=6,7=7,8=8,=9=9,10=27",,Entry-level,Entrylevel,3,452,,Entry-level,Entry-level,highly reactive to feelings/emotions,insensitive to feelings/emotions
,Entry-level,Stress level,"0=0,1=1,2=2,3=3,4=4,5=5,6=6,7=7,8=8,=9=9,10=28",,Entry-level,Entrylevel,3,453,,Entry-level,Entry-level,never stressed,highly stressed
,Entry-level,Reading,"0=0,1=1,2=2,3=3,4=4,5=5,6=6,7=7,8=8,=9=9,10=29",,Entry-level,Entrylevel,3,454,,Entry-level,Entry-level,unable to read,skillful at reading
,Entry-level,Writing,"0=0,1=1,2=2,3=3,4=4,5=5,6=6,7=7,8=8,=9=9,10=30",,Entry-level,Entrylevel,3,455,,Entry-level,Entry-level,unable to write,skillful at writing
,Entry-level,Math,"0=0,1=1,2=2,3=3,4=4,5=5,6=6,7=7,8=8,=9=9,10=31",,Entry-level,Entrylevel,3,456,,Entry-level,Entry-level,unable to do math,skillful at math
,Entry-level,Language,"0=0,1=1,2=2,3=3,4=4,5=5,6=6,7=7,8=8,=9=9,10=32",,Entry-level,Entrylevel,3,457,,Entry-level,Entry-level,no communicative skills,skillful at language
,Entry-level,Speech quantity,"0=0,1=1,2=2,3=3,4=4,5=5,6=6,7=7,8=8,=9=9,10=33",,Entry-level,Entrylevel,3,458,,Entry-level,Entry-level,no spoken words,never stops talking
,Entry-level,Speech articulation,"0=0,1=1,2=2,3=3,4=4,5=5,6=6,7=7,8=8,=9=9,10=34",,Entry-level,Entrylevel,3,459,,Entry-level,Entry-level,always understandable,never understandable
,Entry-level,Memory,"0=0,1=1,2=2,3=3,4=4,5=5,6=6,7=7,8=8,=9=9,10=35",,Entry-level,Entrylevel,3,460,,Entry-level,Entry-level,always remembers accurately,always forgetful
,Entry-level,Processing speed,"0=0,1=1,2=2,3=3,4=4,5=5,6=6,7=7,8=8,=9=9,10=36",,Entry-level,Entrylevel,3,461,,Entry-level,Entry-level,very slow,very fast
,Entry-level,Understanding concepts,"0=0,1=1,2=2,3=3,4=4,5=5,6=6,7=7,8=8,=9=9,10=37",,Entry-level,Entrylevel,3,462,,Entry-level,Entry-level,poor comprehension/application,excellent grasp/critical thinking
,Entry-level,Learning new things,"0=0,1=1,2=2,3=3,4=4,5=5,6=6,7=7,8=8,=9=9,10=37",,Entry-level,Entrylevel,3,463,,Entry-level,Entry-level,very difficult/challenging,highly capable/interested/curious
,Entry-level,Learning,"0=0,1=1,2=2,3=3,4=4,5=5,6=6,7=7,8=8,=9=9,10=38",,Entry-level,Entrylevel,3,464,,Entry-level,Entry-level,unable to learn,skillful at learning
,Entry-level,Academic performance/aptitude,"0=0,1=1,2=2,3=3,4=4,5=5,6=6,7=7,8=8,=9=9,10=39",,Entry-level,Entrylevel,3,465,,Entry-level,Entry-level,low,high
,Entry-level,Temperament,"0=0,1=1,2=2,3=3,4=4,5=5,6=6,7=7,8=8,=9=9,10=40",,Entry-level,Entrylevel,3,466,,Entry-level,Entry-level,easy,difficult
,Entry-level,Confidence,"0=0,1=1,2=2,3=3,4=4,5=5,6=6,7=7,8=8,=9=9,10=41",,Entry-level,Entrylevel,3,467,,Entry-level,Entry-level,very self-confident,no self-confidence
,Entry-level,Creativity,"0=0,1=1,2=2,3=3,4=4,5=5,6=6,7=7,8=8,=9=9,10=42",,Entry-level,Entrylevel,3,468,,Entry-level,Entry-level,unimaginative,highly creative
,Entry-level,Responsibility,"0=0,1=1,2=2,3=3,4=4,5=5,6=6,7=7,8=8,=9=9,10=43",,Entry-level,Entrylevel,3,469,,Entry-level,Entry-level,very responsible,very irresponsible
,Entry-level,Integrity,"0=0,1=1,2=2,3=3,4=4,5=5,6=6,7=7,8=8,=9=9,10=44",,Entry-level,Entrylevel,3,470,,Entry-level,Entry-level,honest,dishonest
,Entry-level,Perseverance,"0=0,1=1,2=2,3=3,4=4,5=5,6=6,7=7,8=8,=9=9,10=45",,Entry-level,Entrylevel,3,471,,Entry-level,Entry-level,always completes tasks well,never completes tasks
,Entry-level,Gross motor skills,"0=0,1=1,2=2,3=3,4=4,5=5,6=6,7=7,8=8,=9=9,10=46",,Entry-level,Entrylevel,3,472,,Entry-level,Entry-level,uncoordinated,highly coordinated
,Entry-level,Fine motor skills,"0=0,1=1,2=2,3=3,4=4,5=5,6=6,7=7,8=8,=9=9,10=47",,Entry-level,Entrylevel,3,473,,Entry-level,Entry-level,uncoordinated,highly coordinated
,Entry-level,Complains of pain,"0=0,1=1,2=2,3=3,4=4,5=5,6=6,7=7,8=8,=9=9,10=48",,Entry-level,Entrylevel,3,474,,Entry-level,Entry-level,no aches and pains,many aches and pains
,Entry-level,Hygiene,"0=0,1=1,2=2,3=3,4=4,5=5,6=6,7=7,8=8,=9=9,10=49",,Entry-level,Entrylevel,3,475,,Entry-level,Entry-level,always clean,rarely clean
,Entry-level,Sexual identity,"0=0,1=1,2=2,3=3,4=4,5=5,6=6,7=7,8=8,=9=9,10=50",,Entry-level,Entrylevel,3,476,,Entry-level,Entry-level,gender conforming,gender non-conforming
,Entry-level,Sexual behavior,"0=0,1=1,2=2,3=3,4=4,5=5,6=6,7=7,8=8,=9=9,10=51",,Entry-level,Entrylevel,3,477,,Entry-level,Entry-level,asexual,highly sexualized
,Entry-level,Bullying,"0=not involved, 1=bystander, 2=victim, 3=perpetrator, 4=victim - perpetrator",,Entry-level,Entrylevel,1,478,autoAdvance,Entry-level,Entry-level,,